POI,lat[deg],lon[deg]
0,90,0
1,-90,0
2,85.5,-180
3,85.5,-120
4,85.5,-60
5,85.5,0
6,85.5,60
7,85.5,120
8,-85.5,-180
9,-85.5,-120
10,-85.5,-60
11,-85.5,0
12,-85.5,60
13,-85.5,120
14,81,-180
15,81,-150
16,81,-120
17,81,-90
18,81,-60
19,81,-30
20,81,0
21,81,30
22,81,60
23,81,90
24,81,120
25,81,150
26,-81,-180
27,-81,-150
28,-81,-120
29,-81,-90
30,-81,-60
31,-81,-30
32,-81,0
33,-81,30
34,-81,60
35,-81,90
36,-81,120
37,-81,150
38,76.5,-180
39,76.5,-160
40,76.5,-140
41,76.5,-120
42,76.5,-100
43,76.5,-80
44,76.5,-60
45,76.5,-40
46,76.5,-20
47,76.5,0
48,76.5,20
49,76.5,40
50,76.5,60
51,76.5,80
52,76.5,100
53,76.5,120
54,76.5,140
55,76.5,160
56,-76.5,-180
57,-76.5,-160
58,-76.5,-140
59,-76.5,-120
60,-76.5,-100
61,-76.5,-80
62,-76.5,-60
63,-76.5,-40
64,-76.5,-20
65,-76.5,0
66,-76.5,20
67,-76.5,40
68,-76.5,60
69,-76.5,80
70,-76.5,100
71,-76.5,120
72,-76.5,140
73,-76.5,160
74,72,-180
75,72,-165
76,72,-150
77,72,-135
78,72,-120
79,72,-105
80,72,-90
81,72,-75
82,72,-60
83,72,-45
84,72,-30
85,72,-15
86,72,0
87,72,15
88,72,30
89,72,45
90,72,60
91,72,75
92,72,90
93,72,105
94,72,120
95,72,135
96,72,150
97,72,165
98,-72,-180
99,-72,-165
100,-72,-150
101,-72,-135
102,-72,-120
103,-72,-105
104,-72,-90
105,-72,-75
106,-72,-60
107,-72,-45
108,-72,-30
109,-72,-15
110,-72,0
111,-72,15
112,-72,30
113,-72,45
114,-72,60
115,-72,75
116,-72,90
117,-72,105
118,-72,120
119,-72,135
120,-72,150
121,-72,165
122,67.5,-180
123,67.5,-168
124,67.5,-156
125,67.5,-144
126,67.5,-132
127,67.5,-120
128,67.5,-108
129,67.5,-96
130,67.5,-84
131,67.5,-72
132,67.5,-60
133,67.5,-48
134,67.5,-36
135,67.5,-24
136,67.5,-12
137,67.5,-2.54444e-14
138,67.5,12
139,67.5,24
140,67.5,36
141,67.5,48
142,67.5,60
143,67.5,72
144,67.5,84
145,67.5,96
146,67.5,108
147,67.5,120
148,67.5,132
149,67.5,144
150,67.5,156
151,67.5,168
152,-67.5,-180
153,-67.5,-168
154,-67.5,-156
155,-67.5,-144
156,-67.5,-132
157,-67.5,-120
158,-67.5,-108
159,-67.5,-96
160,-67.5,-84
161,-67.5,-72
162,-67.5,-60
163,-67.5,-48
164,-67.5,-36
165,-67.5,-24
166,-67.5,-12
167,-67.5,-2.54444e-14
168,-67.5,12
169,-67.5,24
170,-67.5,36
171,-67.5,48
172,-67.5,60
173,-67.5,72
174,-67.5,84
175,-67.5,96
176,-67.5,108
177,-67.5,120
178,-67.5,132
179,-67.5,144
180,-67.5,156
181,-67.5,168
182,63,-180
183,63,-170
184,63,-160
185,63,-150
186,63,-140
187,63,-130
188,63,-120
189,63,-110
190,63,-100
191,63,-90
192,63,-80
193,63,-70
194,63,-60
195,63,-50
196,63,-40
197,63,-30
198,63,-20
199,63,-10
200,63,0
201,63,10
202,63,20
203,63,30
204,63,40
205,63,50
206,63,60
207,63,70
208,63,80
209,63,90
210,63,100
211,63,110
212,63,120
213,63,130
214,63,140
215,63,150
216,63,160
217,63,170
218,-63,-180
219,-63,-170
220,-63,-160
221,-63,-150
222,-63,-140
223,-63,-130
224,-63,-120
225,-63,-110
226,-63,-100
227,-63,-90
228,-63,-80
229,-63,-70
230,-63,-60
231,-63,-50
232,-63,-40
233,-63,-30
234,-63,-20
235,-63,-10
236,-63,0
237,-63,10
238,-63,20
239,-63,30
240,-63,40
241,-63,50
242,-63,60
243,-63,70
244,-63,80
245,-63,90
246,-63,100
247,-63,110
248,-63,120
249,-63,130
250,-63,140
251,-63,150
252,-63,160
253,-63,170
254,58.5,-180
255,58.5,-171.22
256,58.5,-162.439
257,58.5,-153.659
258,58.5,-144.878
259,58.5,-136.098
260,58.5,-127.317
261,58.5,-118.537
262,58.5,-109.756
263,58.5,-100.976
264,58.5,-92.1951
265,58.5,-83.4146
266,58.5,-74.6341
267,58.5,-65.8537
268,58.5,-57.0732
269,58.5,-48.2927
270,58.5,-39.5122
271,58.5,-30.7317
272,58.5,-21.9512
273,58.5,-13.1707
274,58.5,-4.39024
275,58.5,4.39024
276,58.5,13.1707
277,58.5,21.9512
278,58.5,30.7317
279,58.5,39.5122
280,58.5,48.2927
281,58.5,57.0732
282,58.5,65.8537
283,58.5,74.6341
284,58.5,83.4146
285,58.5,92.1951
286,58.5,100.976
287,58.5,109.756
288,58.5,118.537
289,58.5,127.317
290,58.5,136.098
291,58.5,144.878
292,58.5,153.659
293,58.5,162.439
294,58.5,171.22
295,-58.5,-180
296,-58.5,-171.22
297,-58.5,-162.439
298,-58.5,-153.659
299,-58.5,-144.878
300,-58.5,-136.098
301,-58.5,-127.317
302,-58.5,-118.537
303,-58.5,-109.756
304,-58.5,-100.976
305,-58.5,-92.1951
306,-58.5,-83.4146
307,-58.5,-74.6341
308,-58.5,-65.8537
309,-58.5,-57.0732
310,-58.5,-48.2927
311,-58.5,-39.5122
312,-58.5,-30.7317
313,-58.5,-21.9512
314,-58.5,-13.1707
315,-58.5,-4.39024
316,-58.5,4.39024
317,-58.5,13.1707
318,-58.5,21.9512
319,-58.5,30.7317
320,-58.5,39.5122
321,-58.5,48.2927
322,-58.5,57.0732
323,-58.5,65.8537
324,-58.5,74.6341
325,-58.5,83.4146
326,-58.5,92.1951
327,-58.5,100.976
328,-58.5,109.756
329,-58.5,118.537
330,-58.5,127.317
331,-58.5,136.098
332,-58.5,144.878
333,-58.5,153.659
334,-58.5,162.439
335,-58.5,171.22
336,54,-180
337,54,-172.174
338,54,-164.348
339,54,-156.522
340,54,-148.696
341,54,-140.87
342,54,-133.043
343,54,-125.217
344,54,-117.391
345,54,-109.565
346,54,-101.739
347,54,-93.913
348,54,-86.087
349,54,-78.2609
350,54,-70.4348
351,54,-62.6087
352,54,-54.7826
353,54,-46.9565
354,54,-39.1304
355,54,-31.3043
356,54,-23.4783
357,54,-15.6522
358,54,-7.82609
359,54,0
360,54,7.82609
361,54,15.6522
362,54,23.4783
363,54,31.3043
364,54,39.1304
365,54,46.9565
366,54,54.7826
367,54,62.6087
368,54,70.4348
369,54,78.2609
370,54,86.087
371,54,93.913
372,54,101.739
373,54,109.565
374,54,117.391
375,54,125.217
376,54,133.043
377,54,140.87
378,54,148.696
379,54,156.522
380,54,164.348
381,54,172.174
382,-54,-180
383,-54,-172.174
384,-54,-164.348
385,-54,-156.522
386,-54,-148.696
387,-54,-140.87
388,-54,-133.043
389,-54,-125.217
390,-54,-117.391
391,-54,-109.565
392,-54,-101.739
393,-54,-93.913
394,-54,-86.087
395,-54,-78.2609
396,-54,-70.4348
397,-54,-62.6087
398,-54,-54.7826
399,-54,-46.9565
400,-54,-39.1304
401,-54,-31.3043
402,-54,-23.4783
403,-54,-15.6522
404,-54,-7.82609
405,-54,0
406,-54,7.82609
407,-54,15.6522
408,-54,23.4783
409,-54,31.3043
410,-54,39.1304
411,-54,46.9565
412,-54,54.7826
413,-54,62.6087
414,-54,70.4348
415,-54,78.2609
416,-54,86.087
417,-54,93.913
418,-54,101.739
419,-54,109.565
420,-54,117.391
421,-54,125.217
422,-54,133.043
423,-54,140.87
424,-54,148.696
425,-54,156.522
426,-54,164.348
427,-54,172.174
428,49.5,-180
429,49.5,-172.941
430,49.5,-165.882
431,49.5,-158.824
432,49.5,-151.765
433,49.5,-144.706
434,49.5,-137.647
435,49.5,-130.588
436,49.5,-123.529
437,49.5,-116.471
438,49.5,-109.412
439,49.5,-102.353
440,49.5,-95.2941
441,49.5,-88.2353
442,49.5,-81.1765
443,49.5,-74.1176
444,49.5,-67.0588
445,49.5,-60
446,49.5,-52.9412
447,49.5,-45.8824
448,49.5,-38.8235
449,49.5,-31.7647
450,49.5,-24.7059
451,49.5,-17.6471
452,49.5,-10.5882
453,49.5,-3.52941
454,49.5,3.52941
455,49.5,10.5882
456,49.5,17.6471
457,49.5,24.7059
458,49.5,31.7647
459,49.5,38.8235
460,49.5,45.8824
461,49.5,52.9412
462,49.5,60
463,49.5,67.0588
464,49.5,74.1176
465,49.5,81.1765
466,49.5,88.2353
467,49.5,95.2941
468,49.5,102.353
469,49.5,109.412
470,49.5,116.471
471,49.5,123.529
472,49.5,130.588
473,49.5,137.647
474,49.5,144.706
475,49.5,151.765
476,49.5,158.824
477,49.5,165.882
478,49.5,172.941
479,-49.5,-180
480,-49.5,-172.941
481,-49.5,-165.882
482,-49.5,-158.824
483,-49.5,-151.765
484,-49.5,-144.706
485,-49.5,-137.647
486,-49.5,-130.588
487,-49.5,-123.529
488,-49.5,-116.471
489,-49.5,-109.412
490,-49.5,-102.353
491,-49.5,-95.2941
492,-49.5,-88.2353
493,-49.5,-81.1765
494,-49.5,-74.1176
495,-49.5,-67.0588
496,-49.5,-60
497,-49.5,-52.9412
498,-49.5,-45.8824
499,-49.5,-38.8235
500,-49.5,-31.7647
501,-49.5,-24.7059
502,-49.5,-17.6471
503,-49.5,-10.5882
504,-49.5,-3.52941
505,-49.5,3.52941
506,-49.5,10.5882
507,-49.5,17.6471
508,-49.5,24.7059
509,-49.5,31.7647
510,-49.5,38.8235
511,-49.5,45.8824
512,-49.5,52.9412
513,-49.5,60
514,-49.5,67.0588
515,-49.5,74.1176
516,-49.5,81.1765
517,-49.5,88.2353
518,-49.5,95.2941
519,-49.5,102.353
520,-49.5,109.412
521,-49.5,116.471
522,-49.5,123.529
523,-49.5,130.588
524,-49.5,137.647
525,-49.5,144.706
526,-49.5,151.765
527,-49.5,158.824
528,-49.5,165.882
529,-49.5,172.941
530,45,-180
531,45,-173.571
532,45,-167.143
533,45,-160.714
534,45,-154.286
535,45,-147.857
536,45,-141.429
537,45,-135
538,45,-128.571
539,45,-122.143
540,45,-115.714
541,45,-109.286
542,45,-102.857
543,45,-96.4286
544,45,-90
545,45,-83.5714
546,45,-77.1429
547,45,-70.7143
548,45,-64.2857
549,45,-57.8571
550,45,-51.4286
551,45,-45
552,45,-38.5714
553,45,-32.1429
554,45,-25.7143
555,45,-19.2857
556,45,-12.8571
557,45,-6.42857
558,45,0
559,45,6.42857
560,45,12.8571
561,45,19.2857
562,45,25.7143
563,45,32.1429
564,45,38.5714
565,45,45
566,45,51.4286
567,45,57.8571
568,45,64.2857
569,45,70.7143
570,45,77.1429
571,45,83.5714
572,45,90
573,45,96.4286
574,45,102.857
575,45,109.286
576,45,115.714
577,45,122.143
578,45,128.571
579,45,135
580,45,141.429
581,45,147.857
582,45,154.286
583,45,160.714
584,45,167.143
585,45,173.571
586,-45,-180
587,-45,-173.571
588,-45,-167.143
589,-45,-160.714
590,-45,-154.286
591,-45,-147.857
592,-45,-141.429
593,-45,-135
594,-45,-128.571
595,-45,-122.143
596,-45,-115.714
597,-45,-109.286
598,-45,-102.857
599,-45,-96.4286
600,-45,-90
601,-45,-83.5714
602,-45,-77.1429
603,-45,-70.7143
604,-45,-64.2857
605,-45,-57.8571
606,-45,-51.4286
607,-45,-45
608,-45,-38.5714
609,-45,-32.1429
610,-45,-25.7143
611,-45,-19.2857
612,-45,-12.8571
613,-45,-6.42857
614,-45,0
615,-45,6.42857
616,-45,12.8571
617,-45,19.2857
618,-45,25.7143
619,-45,32.1429
620,-45,38.5714
621,-45,45
622,-45,51.4286
623,-45,57.8571
624,-45,64.2857
625,-45,70.7143
626,-45,77.1429
627,-45,83.5714
628,-45,90
629,-45,96.4286
630,-45,102.857
631,-45,109.286
632,-45,115.714
633,-45,122.143
634,-45,128.571
635,-45,135
636,-45,141.429
637,-45,147.857
638,-45,154.286
639,-45,160.714
640,-45,167.143
641,-45,173.571
642,40.5,-180
643,40.5,-174
644,40.5,-168
645,40.5,-162
646,40.5,-156
647,40.5,-150
648,40.5,-144
649,40.5,-138
650,40.5,-132
651,40.5,-126
652,40.5,-120
653,40.5,-114
654,40.5,-108
655,40.5,-102
656,40.5,-96
657,40.5,-90
658,40.5,-84
659,40.5,-78
660,40.5,-72
661,40.5,-66
662,40.5,-60
663,40.5,-54
664,40.5,-48
665,40.5,-42
666,40.5,-36
667,40.5,-30
668,40.5,-24
669,40.5,-18
670,40.5,-12
671,40.5,-6
672,40.5,-2.54444e-14
673,40.5,6
674,40.5,12
675,40.5,18
676,40.5,24
677,40.5,30
678,40.5,36
679,40.5,42
680,40.5,48
681,40.5,54
682,40.5,60
683,40.5,66
684,40.5,72
685,40.5,78
686,40.5,84
687,40.5,90
688,40.5,96
689,40.5,102
690,40.5,108
691,40.5,114
692,40.5,120
693,40.5,126
694,40.5,132
695,40.5,138
696,40.5,144
697,40.5,150
698,40.5,156
699,40.5,162
700,40.5,168
701,40.5,174
702,-40.5,-180
703,-40.5,-174
704,-40.5,-168
705,-40.5,-162
706,-40.5,-156
707,-40.5,-150
708,-40.5,-144
709,-40.5,-138
710,-40.5,-132
711,-40.5,-126
712,-40.5,-120
713,-40.5,-114
714,-40.5,-108
715,-40.5,-102
716,-40.5,-96
717,-40.5,-90
718,-40.5,-84
719,-40.5,-78
720,-40.5,-72
721,-40.5,-66
722,-40.5,-60
723,-40.5,-54
724,-40.5,-48
725,-40.5,-42
726,-40.5,-36
727,-40.5,-30
728,-40.5,-24
729,-40.5,-18
730,-40.5,-12
731,-40.5,-6
732,-40.5,-2.54444e-14
733,-40.5,6
734,-40.5,12
735,-40.5,18
736,-40.5,24
737,-40.5,30
738,-40.5,36
739,-40.5,42
740,-40.5,48
741,-40.5,54
742,-40.5,60
743,-40.5,66
744,-40.5,72
745,-40.5,78
746,-40.5,84
747,-40.5,90
748,-40.5,96
749,-40.5,102
750,-40.5,108
751,-40.5,114
752,-40.5,120
753,-40.5,126
754,-40.5,132
755,-40.5,138
756,-40.5,144
757,-40.5,150
758,-40.5,156
759,-40.5,162
760,-40.5,168
761,-40.5,174
762,36,-180
763,36,-174.375
764,36,-168.75
765,36,-163.125
766,36,-157.5
767,36,-151.875
768,36,-146.25
769,36,-140.625
770,36,-135
771,36,-129.375
772,36,-123.75
773,36,-118.125
774,36,-112.5
775,36,-106.875
776,36,-101.25
777,36,-95.625
778,36,-90
779,36,-84.375
780,36,-78.75
781,36,-73.125
782,36,-67.5
783,36,-61.875
784,36,-56.25
785,36,-50.625
786,36,-45
787,36,-39.375
788,36,-33.75
789,36,-28.125
790,36,-22.5
791,36,-16.875
792,36,-11.25
793,36,-5.625
794,36,0
795,36,5.625
796,36,11.25
797,36,16.875
798,36,22.5
799,36,28.125
800,36,33.75
801,36,39.375
802,36,45
803,36,50.625
804,36,56.25
805,36,61.875
806,36,67.5
807,36,73.125
808,36,78.75
809,36,84.375
810,36,90
811,36,95.625
812,36,101.25
813,36,106.875
814,36,112.5
815,36,118.125
816,36,123.75
817,36,129.375
818,36,135
819,36,140.625
820,36,146.25
821,36,151.875
822,36,157.5
823,36,163.125
824,36,168.75
825,36,174.375
826,-36,-180
827,-36,-174.286
828,-36,-168.571
829,-36,-162.857
830,-36,-157.143
831,-36,-151.429
832,-36,-145.714
833,-36,-140
834,-36,-134.286
835,-36,-128.571
836,-36,-122.857
837,-36,-117.143
838,-36,-111.429
839,-36,-105.714
840,-36,-100
841,-36,-94.2857
842,-36,-88.5714
843,-36,-82.8571
844,-36,-77.1429
845,-36,-71.4286
846,-36,-65.7143
847,-36,-60
848,-36,-54.2857
849,-36,-48.5714
850,-36,-42.8571
851,-36,-37.1429
852,-36,-31.4286
853,-36,-25.7143
854,-36,-20
855,-36,-14.2857
856,-36,-8.57143
857,-36,-2.85714
858,-36,2.85714
859,-36,8.57143
860,-36,14.2857
861,-36,20
862,-36,25.7143
863,-36,31.4286
864,-36,37.1429
865,-36,42.8571
866,-36,48.5714
867,-36,54.2857
868,-36,60
869,-36,65.7143
870,-36,71.4286
871,-36,77.1429
872,-36,82.8571
873,-36,88.5714
874,-36,94.2857
875,-36,100
876,-36,105.714
877,-36,111.429
878,-36,117.143
879,-36,122.857
880,-36,128.571
881,-36,134.286
882,-36,140
883,-36,145.714
884,-36,151.429
885,-36,157.143
886,-36,162.857
887,-36,168.571
888,-36,174.286
889,31.5,-180
890,31.5,-174.627
891,31.5,-169.254
892,31.5,-163.881
893,31.5,-158.507
894,31.5,-153.134
895,31.5,-147.761
896,31.5,-142.388
897,31.5,-137.015
898,31.5,-131.642
899,31.5,-126.269
900,31.5,-120.896
901,31.5,-115.522
902,31.5,-110.149
903,31.5,-104.776
904,31.5,-99.403
905,31.5,-94.0299
906,31.5,-88.6567
907,31.5,-83.2836
908,31.5,-77.9104
909,31.5,-72.5373
910,31.5,-67.1642
911,31.5,-61.791
912,31.5,-56.4179
913,31.5,-51.0448
914,31.5,-45.6716
915,31.5,-40.2985
916,31.5,-34.9254
917,31.5,-29.5522
918,31.5,-24.1791
919,31.5,-18.806
920,31.5,-13.4328
921,31.5,-8.0597
922,31.5,-2.68657
923,31.5,2.68657
924,31.5,8.0597
925,31.5,13.4328
926,31.5,18.806
927,31.5,24.1791
928,31.5,29.5522
929,31.5,34.9254
930,31.5,40.2985
931,31.5,45.6716
932,31.5,51.0448
933,31.5,56.4179
934,31.5,61.791
935,31.5,67.1642
936,31.5,72.5373
937,31.5,77.9104
938,31.5,83.2836
939,31.5,88.6567
940,31.5,94.0299
941,31.5,99.403
942,31.5,104.776
943,31.5,110.149
944,31.5,115.522
945,31.5,120.896
946,31.5,126.269
947,31.5,131.642
948,31.5,137.015
949,31.5,142.388
950,31.5,147.761
951,31.5,153.134
952,31.5,158.507
953,31.5,163.881
954,31.5,169.254
955,31.5,174.627
956,-31.5,-180
957,-31.5,-174.627
958,-31.5,-169.254
959,-31.5,-163.881
960,-31.5,-158.507
961,-31.5,-153.134
962,-31.5,-147.761
963,-31.5,-142.388
964,-31.5,-137.015
965,-31.5,-131.642
966,-31.5,-126.269
967,-31.5,-120.896
968,-31.5,-115.522
969,-31.5,-110.149
970,-31.5,-104.776
971,-31.5,-99.403
972,-31.5,-94.0299
973,-31.5,-88.6567
974,-31.5,-83.2836
975,-31.5,-77.9104
976,-31.5,-72.5373
977,-31.5,-67.1642
978,-31.5,-61.791
979,-31.5,-56.4179
980,-31.5,-51.0448
981,-31.5,-45.6716
982,-31.5,-40.2985
983,-31.5,-34.9254
984,-31.5,-29.5522
985,-31.5,-24.1791
986,-31.5,-18.806
987,-31.5,-13.4328
988,-31.5,-8.0597
989,-31.5,-2.68657
990,-31.5,2.68657
991,-31.5,8.0597
992,-31.5,13.4328
993,-31.5,18.806
994,-31.5,24.1791
995,-31.5,29.5522
996,-31.5,34.9254
997,-31.5,40.2985
998,-31.5,45.6716
999,-31.5,51.0448
1000,-31.5,56.4179
1001,-31.5,61.791
1002,-31.5,67.1642
1003,-31.5,72.5373
1004,-31.5,77.9104
1005,-31.5,83.2836
1006,-31.5,88.6567
1007,-31.5,94.0299
1008,-31.5,99.403
1009,-31.5,104.776
1010,-31.5,110.149
1011,-31.5,115.522
1012,-31.5,120.896
1013,-31.5,126.269
1014,-31.5,131.642
1015,-31.5,137.015
1016,-31.5,142.388
1017,-31.5,147.761
1018,-31.5,153.134
1019,-31.5,158.507
1020,-31.5,163.881
1021,-31.5,169.254
1022,-31.5,174.627
1023,27,-180
1024,27,-174.857
1025,27,-169.714
1026,27,-164.571
1027,27,-159.429
1028,27,-154.286
1029,27,-149.143
1030,27,-144
1031,27,-138.857
1032,27,-133.714
1033,27,-128.571
1034,27,-123.429
1035,27,-118.286
1036,27,-113.143
1037,27,-108
1038,27,-102.857
1039,27,-97.7143
1040,27,-92.5714
1041,27,-87.4286
1042,27,-82.2857
1043,27,-77.1429
1044,27,-72
1045,27,-66.8571
1046,27,-61.7143
1047,27,-56.5714
1048,27,-51.4286
1049,27,-46.2857
1050,27,-41.1429
1051,27,-36
1052,27,-30.8571
1053,27,-25.7143
1054,27,-20.5714
1055,27,-15.4286
1056,27,-10.2857
1057,27,-5.14286
1058,27,0
1059,27,5.14286
1060,27,10.2857
1061,27,15.4286
1062,27,20.5714
1063,27,25.7143
1064,27,30.8571
1065,27,36
1066,27,41.1429
1067,27,46.2857
1068,27,51.4286
1069,27,56.5714
1070,27,61.7143
1071,27,66.8571
1072,27,72
1073,27,77.1429
1074,27,82.2857
1075,27,87.4286
1076,27,92.5714
1077,27,97.7143
1078,27,102.857
1079,27,108
1080,27,113.143
1081,27,118.286
1082,27,123.429
1083,27,128.571
1084,27,133.714
1085,27,138.857
1086,27,144
1087,27,149.143
1088,27,154.286
1089,27,159.429
1090,27,164.571
1091,27,169.714
1092,27,174.857
1093,-27,-180
1094,-27,-174.857
1095,-27,-169.714
1096,-27,-164.571
1097,-27,-159.429
1098,-27,-154.286
1099,-27,-149.143
1100,-27,-144
1101,-27,-138.857
1102,-27,-133.714
1103,-27,-128.571
1104,-27,-123.429
1105,-27,-118.286
1106,-27,-113.143
1107,-27,-108
1108,-27,-102.857
1109,-27,-97.7143
1110,-27,-92.5714
1111,-27,-87.4286
1112,-27,-82.2857
1113,-27,-77.1429
1114,-27,-72
1115,-27,-66.8571
1116,-27,-61.7143
1117,-27,-56.5714
1118,-27,-51.4286
1119,-27,-46.2857
1120,-27,-41.1429
1121,-27,-36
1122,-27,-30.8571
1123,-27,-25.7143
1124,-27,-20.5714
1125,-27,-15.4286
1126,-27,-10.2857
1127,-27,-5.14286
1128,-27,0
1129,-27,5.14286
1130,-27,10.2857
1131,-27,15.4286
1132,-27,20.5714
1133,-27,25.7143
1134,-27,30.8571
1135,-27,36
1136,-27,41.1429
1137,-27,46.2857
1138,-27,51.4286
1139,-27,56.5714
1140,-27,61.7143
1141,-27,66.8571
1142,-27,72
1143,-27,77.1429
1144,-27,82.2857
1145,-27,87.4286
1146,-27,92.5714
1147,-27,97.7143
1148,-27,102.857
1149,-27,108
1150,-27,113.143
1151,-27,118.286
1152,-27,123.429
1153,-27,128.571
1154,-27,133.714
1155,-27,138.857
1156,-27,144
1157,-27,149.143
1158,-27,154.286
1159,-27,159.429
1160,-27,164.571
1161,-27,169.714
1162,-27,174.857
1163,22.5,-180
1164,22.5,-175.068
1165,22.5,-170.137
1166,22.5,-165.205
1167,22.5,-160.274
1168,22.5,-155.342
1169,22.5,-150.411
1170,22.5,-145.479
1171,22.5,-140.548
1172,22.5,-135.616
1173,22.5,-130.685
1174,22.5,-125.753
1175,22.5,-120.822
1176,22.5,-115.89
1177,22.5,-110.959
1178,22.5,-106.027
1179,22.5,-101.096
1180,22.5,-96.1644
1181,22.5,-91.2329
1182,22.5,-86.3014
1183,22.5,-81.3699
1184,22.5,-76.4384
1185,22.5,-71.5068
1186,22.5,-66.5753
1187,22.5,-61.6438
1188,22.5,-56.7123
1189,22.5,-51.7808
1190,22.5,-46.8493
1191,22.5,-41.9178
1192,22.5,-36.9863
1193,22.5,-32.0548
1194,22.5,-27.1233
1195,22.5,-22.1918
1196,22.5,-17.2603
1197,22.5,-12.3288
1198,22.5,-7.39726
1199,22.5,-2.46575
1200,22.5,2.46575
1201,22.5,7.39726
1202,22.5,12.3288
1203,22.5,17.2603
1204,22.5,22.1918
1205,22.5,27.1233
1206,22.5,32.0548
1207,22.5,36.9863
1208,22.5,41.9178
1209,22.5,46.8493
1210,22.5,51.7808
1211,22.5,56.7123
1212,22.5,61.6438
1213,22.5,66.5753
1214,22.5,71.5068
1215,22.5,76.4384
1216,22.5,81.3699
1217,22.5,86.3014
1218,22.5,91.2329
1219,22.5,96.1644
1220,22.5,101.096
1221,22.5,106.027
1222,22.5,110.959
1223,22.5,115.89
1224,22.5,120.822
1225,22.5,125.753
1226,22.5,130.685
1227,22.5,135.616
1228,22.5,140.548
1229,22.5,145.479
1230,22.5,150.411
1231,22.5,155.342
1232,22.5,160.274
1233,22.5,165.205
1234,22.5,170.137
1235,22.5,175.068
1236,-22.5,-180
1237,-22.5,-175
1238,-22.5,-170
1239,-22.5,-165
1240,-22.5,-160
1241,-22.5,-155
1242,-22.5,-150
1243,-22.5,-145
1244,-22.5,-140
1245,-22.5,-135
1246,-22.5,-130
1247,-22.5,-125
1248,-22.5,-120
1249,-22.5,-115
1250,-22.5,-110
1251,-22.5,-105
1252,-22.5,-100
1253,-22.5,-95
1254,-22.5,-90
1255,-22.5,-85
1256,-22.5,-80
1257,-22.5,-75
1258,-22.5,-70
1259,-22.5,-65
1260,-22.5,-60
1261,-22.5,-55
1262,-22.5,-50
1263,-22.5,-45
1264,-22.5,-40
1265,-22.5,-35
1266,-22.5,-30
1267,-22.5,-25
1268,-22.5,-20
1269,-22.5,-15
1270,-22.5,-10
1271,-22.5,-5
1272,-22.5,0
1273,-22.5,5
1274,-22.5,10
1275,-22.5,15
1276,-22.5,20
1277,-22.5,25
1278,-22.5,30
1279,-22.5,35
1280,-22.5,40
1281,-22.5,45
1282,-22.5,50
1283,-22.5,55
1284,-22.5,60
1285,-22.5,65
1286,-22.5,70
1287,-22.5,75
1288,-22.5,80
1289,-22.5,85
1290,-22.5,90
1291,-22.5,95
1292,-22.5,100
1293,-22.5,105
1294,-22.5,110
1295,-22.5,115
1296,-22.5,120
1297,-22.5,125
1298,-22.5,130
1299,-22.5,135
1300,-22.5,140
1301,-22.5,145
1302,-22.5,150
1303,-22.5,155
1304,-22.5,160
1305,-22.5,165
1306,-22.5,170
1307,-22.5,175
1308,18,-180
1309,18,-175.2
1310,18,-170.4
1311,18,-165.6
1312,18,-160.8
1313,18,-156
1314,18,-151.2
1315,18,-146.4
1316,18,-141.6
1317,18,-136.8
1318,18,-132
1319,18,-127.2
1320,18,-122.4
1321,18,-117.6
1322,18,-112.8
1323,18,-108
1324,18,-103.2
1325,18,-98.4
1326,18,-93.6
1327,18,-88.8
1328,18,-84
1329,18,-79.2
1330,18,-74.4
1331,18,-69.6
1332,18,-64.8
1333,18,-60
1334,18,-55.2
1335,18,-50.4
1336,18,-45.6
1337,18,-40.8
1338,18,-36
1339,18,-31.2
1340,18,-26.4
1341,18,-21.6
1342,18,-16.8
1343,18,-12
1344,18,-7.2
1345,18,-2.4
1346,18,2.4
1347,18,7.2
1348,18,12
1349,18,16.8
1350,18,21.6
1351,18,26.4
1352,18,31.2
1353,18,36
1354,18,40.8
1355,18,45.6
1356,18,50.4
1357,18,55.2
1358,18,60
1359,18,64.8
1360,18,69.6
1361,18,74.4
1362,18,79.2
1363,18,84
1364,18,88.8
1365,18,93.6
1366,18,98.4
1367,18,103.2
1368,18,108
1369,18,112.8
1370,18,117.6
1371,18,122.4
1372,18,127.2
1373,18,132
1374,18,136.8
1375,18,141.6
1376,18,146.4
1377,18,151.2
1378,18,156
1379,18,160.8
1380,18,165.6
1381,18,170.4
1382,18,175.2
1383,-18,-180
1384,-18,-175.2
1385,-18,-170.4
1386,-18,-165.6
1387,-18,-160.8
1388,-18,-156
1389,-18,-151.2
1390,-18,-146.4
1391,-18,-141.6
1392,-18,-136.8
1393,-18,-132
1394,-18,-127.2
1395,-18,-122.4
1396,-18,-117.6
1397,-18,-112.8
1398,-18,-108
1399,-18,-103.2
1400,-18,-98.4
1401,-18,-93.6
1402,-18,-88.8
1403,-18,-84
1404,-18,-79.2
1405,-18,-74.4
1406,-18,-69.6
1407,-18,-64.8
1408,-18,-60
1409,-18,-55.2
1410,-18,-50.4
1411,-18,-45.6
1412,-18,-40.8
1413,-18,-36
1414,-18,-31.2
1415,-18,-26.4
1416,-18,-21.6
1417,-18,-16.8
1418,-18,-12
1419,-18,-7.2
1420,-18,-2.4
1421,-18,2.4
1422,-18,7.2
1423,-18,12
1424,-18,16.8
1425,-18,21.6
1426,-18,26.4
1427,-18,31.2
1428,-18,36
1429,-18,40.8
1430,-18,45.6
1431,-18,50.4
1432,-18,55.2
1433,-18,60
1434,-18,64.8
1435,-18,69.6
1436,-18,74.4
1437,-18,79.2
1438,-18,84
1439,-18,88.8
1440,-18,93.6
1441,-18,98.4
1442,-18,103.2
1443,-18,108
1444,-18,112.8
1445,-18,117.6
1446,-18,122.4
1447,-18,127.2
1448,-18,132
1449,-18,136.8
1450,-18,141.6
1451,-18,146.4
1452,-18,151.2
1453,-18,156
1454,-18,160.8
1455,-18,165.6
1456,-18,170.4
1457,-18,175.2
1458,13.5,-180
1459,13.5,-175.263
1460,13.5,-170.526
1461,13.5,-165.789
1462,13.5,-161.053
1463,13.5,-156.316
1464,13.5,-151.579
1465,13.5,-146.842
1466,13.5,-142.105
1467,13.5,-137.368
1468,13.5,-132.632
1469,13.5,-127.895
1470,13.5,-123.158
1471,13.5,-118.421
1472,13.5,-113.684
1473,13.5,-108.947
1474,13.5,-104.211
1475,13.5,-99.4737
1476,13.5,-94.7368
1477,13.5,-90
1478,13.5,-85.2632
1479,13.5,-80.5263
1480,13.5,-75.7895
1481,13.5,-71.0526
1482,13.5,-66.3158
1483,13.5,-61.5789
1484,13.5,-56.8421
1485,13.5,-52.1053
1486,13.5,-47.3684
1487,13.5,-42.6316
1488,13.5,-37.8947
1489,13.5,-33.1579
1490,13.5,-28.4211
1491,13.5,-23.6842
1492,13.5,-18.9474
1493,13.5,-14.2105
1494,13.5,-9.47368
1495,13.5,-4.73684
1496,13.5,0
1497,13.5,4.73684
1498,13.5,9.47368
1499,13.5,14.2105
1500,13.5,18.9474
1501,13.5,23.6842
1502,13.5,28.4211
1503,13.5,33.1579
1504,13.5,37.8947
1505,13.5,42.6316
1506,13.5,47.3684
1507,13.5,52.1053
1508,13.5,56.8421
1509,13.5,61.5789
1510,13.5,66.3158
1511,13.5,71.0526
1512,13.5,75.7895
1513,13.5,80.5263
1514,13.5,85.2632
1515,13.5,90
1516,13.5,94.7368
1517,13.5,99.4737
1518,13.5,104.211
1519,13.5,108.947
1520,13.5,113.684
1521,13.5,118.421
1522,13.5,123.158
1523,13.5,127.895
1524,13.5,132.632
1525,13.5,137.368
1526,13.5,142.105
1527,13.5,146.842
1528,13.5,151.579
1529,13.5,156.316
1530,13.5,161.053
1531,13.5,165.789
1532,13.5,170.526
1533,13.5,175.263
1534,-13.5,-180
1535,-13.5,-175.263
1536,-13.5,-170.526
1537,-13.5,-165.789
1538,-13.5,-161.053
1539,-13.5,-156.316
1540,-13.5,-151.579
1541,-13.5,-146.842
1542,-13.5,-142.105
1543,-13.5,-137.368
1544,-13.5,-132.632
1545,-13.5,-127.895
1546,-13.5,-123.158
1547,-13.5,-118.421
1548,-13.5,-113.684
1549,-13.5,-108.947
1550,-13.5,-104.211
1551,-13.5,-99.4737
1552,-13.5,-94.7368
1553,-13.5,-90
1554,-13.5,-85.2632
1555,-13.5,-80.5263
1556,-13.5,-75.7895
1557,-13.5,-71.0526
1558,-13.5,-66.3158
1559,-13.5,-61.5789
1560,-13.5,-56.8421
1561,-13.5,-52.1053
1562,-13.5,-47.3684
1563,-13.5,-42.6316
1564,-13.5,-37.8947
1565,-13.5,-33.1579
1566,-13.5,-28.4211
1567,-13.5,-23.6842
1568,-13.5,-18.9474
1569,-13.5,-14.2105
1570,-13.5,-9.47368
1571,-13.5,-4.73684
1572,-13.5,0
1573,-13.5,4.73684
1574,-13.5,9.47368
1575,-13.5,14.2105
1576,-13.5,18.9474
1577,-13.5,23.6842
1578,-13.5,28.4211
1579,-13.5,33.1579
1580,-13.5,37.8947
1581,-13.5,42.6316
1582,-13.5,47.3684
1583,-13.5,52.1053
1584,-13.5,56.8421
1585,-13.5,61.5789
1586,-13.5,66.3158
1587,-13.5,71.0526
1588,-13.5,75.7895
1589,-13.5,80.5263
1590,-13.5,85.2632
1591,-13.5,90
1592,-13.5,94.7368
1593,-13.5,99.4737
1594,-13.5,104.211
1595,-13.5,108.947
1596,-13.5,113.684
1597,-13.5,118.421
1598,-13.5,123.158
1599,-13.5,127.895
1600,-13.5,132.632
1601,-13.5,137.368
1602,-13.5,142.105
1603,-13.5,146.842
1604,-13.5,151.579
1605,-13.5,156.316
1606,-13.5,161.053
1607,-13.5,165.789
1608,-13.5,170.526
1609,-13.5,175.263
1610,9,-180
1611,9,-175.385
1612,9,-170.769
1613,9,-166.154
1614,9,-161.538
1615,9,-156.923
1616,9,-152.308
1617,9,-147.692
1618,9,-143.077
1619,9,-138.462
1620,9,-133.846
1621,9,-129.231
1622,9,-124.615
1623,9,-120
1624,9,-115.385
1625,9,-110.769
1626,9,-106.154
1627,9,-101.538
1628,9,-96.9231
1629,9,-92.3077
1630,9,-87.6923
1631,9,-83.0769
1632,9,-78.4615
1633,9,-73.8462
1634,9,-69.2308
1635,9,-64.6154
1636,9,-60
1637,9,-55.3846
1638,9,-50.7692
1639,9,-46.1538
1640,9,-41.5385
1641,9,-36.9231
1642,9,-32.3077
1643,9,-27.6923
1644,9,-23.0769
1645,9,-18.4615
1646,9,-13.8462
1647,9,-9.23077
1648,9,-4.61538
1649,9,0
1650,9,4.61538
1651,9,9.23077
1652,9,13.8462
1653,9,18.4615
1654,9,23.0769
1655,9,27.6923
1656,9,32.3077
1657,9,36.9231
1658,9,41.5385
1659,9,46.1538
1660,9,50.7692
1661,9,55.3846
1662,9,60
1663,9,64.6154
1664,9,69.2308
1665,9,73.8462
1666,9,78.4615
1667,9,83.0769
1668,9,87.6923
1669,9,92.3077
1670,9,96.9231
1671,9,101.538
1672,9,106.154
1673,9,110.769
1674,9,115.385
1675,9,120
1676,9,124.615
1677,9,129.231
1678,9,133.846
1679,9,138.462
1680,9,143.077
1681,9,147.692
1682,9,152.308
1683,9,156.923
1684,9,161.538
1685,9,166.154
1686,9,170.769
1687,9,175.385
1688,-9,-180
1689,-9,-175.325
1690,-9,-170.649
1691,-9,-165.974
1692,-9,-161.299
1693,-9,-156.623
1694,-9,-151.948
1695,-9,-147.273
1696,-9,-142.597
1697,-9,-137.922
1698,-9,-133.247
1699,-9,-128.571
1700,-9,-123.896
1701,-9,-119.221
1702,-9,-114.545
1703,-9,-109.87
1704,-9,-105.195
1705,-9,-100.519
1706,-9,-95.8442
1707,-9,-91.1688
1708,-9,-86.4935
1709,-9,-81.8182
1710,-9,-77.1429
1711,-9,-72.4675
1712,-9,-67.7922
1713,-9,-63.1169
1714,-9,-58.4416
1715,-9,-53.7662
1716,-9,-49.0909
1717,-9,-44.4156
1718,-9,-39.7403
1719,-9,-35.0649
1720,-9,-30.3896
1721,-9,-25.7143
1722,-9,-21.039
1723,-9,-16.3636
1724,-9,-11.6883
1725,-9,-7.01299
1726,-9,-2.33766
1727,-9,2.33766
1728,-9,7.01299
1729,-9,11.6883
1730,-9,16.3636
1731,-9,21.039
1732,-9,25.7143
1733,-9,30.3896
1734,-9,35.0649
1735,-9,39.7403
1736,-9,44.4156
1737,-9,49.0909
1738,-9,53.7662
1739,-9,58.4416
1740,-9,63.1169
1741,-9,67.7922
1742,-9,72.4675
1743,-9,77.1429
1744,-9,81.8182
1745,-9,86.4935
1746,-9,91.1688
1747,-9,95.8442
1748,-9,100.519
1749,-9,105.195
1750,-9,109.87
1751,-9,114.545
1752,-9,119.221
1753,-9,123.896
1754,-9,128.571
1755,-9,133.247
1756,-9,137.922
1757,-9,142.597
1758,-9,147.273
1759,-9,151.948
1760,-9,156.623
1761,-9,161.299
1762,-9,165.974
1763,-9,170.649
1764,-9,175.325
1765,4.5,-180
1766,4.5,-175.385
1767,4.5,-170.769
1768,4.5,-166.154
1769,4.5,-161.538
1770,4.5,-156.923
1771,4.5,-152.308
1772,4.5,-147.692
1773,4.5,-143.077
1774,4.5,-138.462
1775,4.5,-133.846
1776,4.5,-129.231
1777,4.5,-124.615
1778,4.5,-120
1779,4.5,-115.385
1780,4.5,-110.769
1781,4.5,-106.154
1782,4.5,-101.538
1783,4.5,-96.9231
1784,4.5,-92.3077
1785,4.5,-87.6923
1786,4.5,-83.0769
1787,4.5,-78.4615
1788,4.5,-73.8462
1789,4.5,-69.2308
1790,4.5,-64.6154
1791,4.5,-60
1792,4.5,-55.3846
1793,4.5,-50.7692
1794,4.5,-46.1538
1795,4.5,-41.5385
1796,4.5,-36.9231
1797,4.5,-32.3077
1798,4.5,-27.6923
1799,4.5,-23.0769
1800,4.5,-18.4615
1801,4.5,-13.8462
1802,4.5,-9.23077
1803,4.5,-4.61538
1804,4.5,0
1805,4.5,4.61538
1806,4.5,9.23077
1807,4.5,13.8462
1808,4.5,18.4615
1809,4.5,23.0769
1810,4.5,27.6923
1811,4.5,32.3077
1812,4.5,36.9231
1813,4.5,41.5385
1814,4.5,46.1538
1815,4.5,50.7692
1816,4.5,55.3846
1817,4.5,60
1818,4.5,64.6154
1819,4.5,69.2308
1820,4.5,73.8462
1821,4.5,78.4615
1822,4.5,83.0769
1823,4.5,87.6923
1824,4.5,92.3077
1825,4.5,96.9231
1826,4.5,101.538
1827,4.5,106.154
1828,4.5,110.769
1829,4.5,115.385
1830,4.5,120
1831,4.5,124.615
1832,4.5,129.231
1833,4.5,133.846
1834,4.5,138.462
1835,4.5,143.077
1836,4.5,147.692
1837,4.5,152.308
1838,4.5,156.923
1839,4.5,161.538
1840,4.5,166.154
1841,4.5,170.769
1842,4.5,175.385
1843,-4.5,-180
1844,-4.5,-175.385
1845,-4.5,-170.769
1846,-4.5,-166.154
1847,-4.5,-161.538
1848,-4.5,-156.923
1849,-4.5,-152.308
1850,-4.5,-147.692
1851,-4.5,-143.077
1852,-4.5,-138.462
1853,-4.5,-133.846
1854,-4.5,-129.231
1855,-4.5,-124.615
1856,-4.5,-120
1857,-4.5,-115.385
1858,-4.5,-110.769
1859,-4.5,-106.154
1860,-4.5,-101.538
1861,-4.5,-96.9231
1862,-4.5,-92.3077
1863,-4.5,-87.6923
1864,-4.5,-83.0769
1865,-4.5,-78.4615
1866,-4.5,-73.8462
1867,-4.5,-69.2308
1868,-4.5,-64.6154
1869,-4.5,-60
1870,-4.5,-55.3846
1871,-4.5,-50.7692
1872,-4.5,-46.1538
1873,-4.5,-41.5385
1874,-4.5,-36.9231
1875,-4.5,-32.3077
1876,-4.5,-27.6923
1877,-4.5,-23.0769
1878,-4.5,-18.4615
1879,-4.5,-13.8462
1880,-4.5,-9.23077
1881,-4.5,-4.61538
1882,-4.5,0
1883,-4.5,4.61538
1884,-4.5,9.23077
1885,-4.5,13.8462
1886,-4.5,18.4615
1887,-4.5,23.0769
1888,-4.5,27.6923
1889,-4.5,32.3077
1890,-4.5,36.9231
1891,-4.5,41.5385
1892,-4.5,46.1538
1893,-4.5,50.7692
1894,-4.5,55.3846
1895,-4.5,60
1896,-4.5,64.6154
1897,-4.5,69.2308
1898,-4.5,73.8462
1899,-4.5,78.4615
1900,-4.5,83.0769
1901,-4.5,87.6923
1902,-4.5,92.3077
1903,-4.5,96.9231
1904,-4.5,101.538
1905,-4.5,106.154
1906,-4.5,110.769
1907,-4.5,115.385
1908,-4.5,120
1909,-4.5,124.615
1910,-4.5,129.231
1911,-4.5,133.846
1912,-4.5,138.462
1913,-4.5,143.077
1914,-4.5,147.692
1915,-4.5,152.308
1916,-4.5,156.923
1917,-4.5,161.538
1918,-4.5,166.154
1919,-4.5,170.769
1920,-4.5,175.385
1921,0,-180
1922,0,-175.443
1923,0,-170.886
1924,0,-166.329
1925,0,-161.772
1926,0,-157.215
1927,0,-152.658
1928,0,-148.101
1929,0,-143.544
1930,0,-138.987
1931,0,-134.43
1932,0,-129.873
1933,0,-125.316
1934,0,-120.759
1935,0,-116.203
1936,0,-111.646
1937,0,-107.089
1938,0,-102.532
1939,0,-97.9747
1940,0,-93.4177
1941,0,-88.8608
1942,0,-84.3038
1943,0,-79.7468
1944,0,-75.1899
1945,0,-70.6329
1946,0,-66.0759
1947,0,-61.519
1948,0,-56.962
1949,0,-52.4051
1950,0,-47.8481
1951,0,-43.2911
1952,0,-38.7342
1953,0,-34.1772
1954,0,-29.6203
1955,0,-25.0633
1956,0,-20.5063
1957,0,-15.9494
1958,0,-11.3924
1959,0,-6.83544
1960,0,-2.27848
1961,0,2.27848
1962,0,6.83544
1963,0,11.3924
1964,0,15.9494
1965,0,20.5063
1966,0,25.0633
1967,0,29.6203
1968,0,34.1772
1969,0,38.7342
1970,0,43.2911
1971,0,47.8481
1972,0,52.4051
1973,0,56.962
1974,0,61.519
1975,0,66.0759
1976,0,70.6329
1977,0,75.1899
1978,0,79.7468
1979,0,84.3038
1980,0,88.8608
1981,0,93.4177
1982,0,97.9747
1983,0,102.532
1984,0,107.089
1985,0,111.646
1986,0,116.203
1987,0,120.759
1988,0,125.316
1989,0,129.873
1990,0,134.43
1991,0,138.987
1992,0,143.544
1993,0,148.101
1994,0,152.658
1995,0,157.215
1996,0,161.772
1997,0,166.329
1998,0,170.886
1999,0,175.443
