Region,POI,lat[deg],lon[deg]
1,0,90,0
2,1,-90,0
3,2,85.5,-180
4,3,85.5,-120
5,4,85.5,-60
6,5,85.5,0
7,6,85.5,60
8,7,85.5,120
9,8,-85.5,-180
10,9,-85.5,-120
11,10,-85.5,-60
12,11,-85.5,0
13,12,-85.5,60
14,13,-85.5,120
15,14,81,-180
16,15,81,-150
17,16,81,-120
18,17,81,-90
19,18,81,-60
20,19,81,-30
21,20,81,0
22,21,81,30
23,22,81,60
24,23,81,90
25,24,81,120
26,25,81,150
27,26,-81,-180
28,27,-81,-150
29,28,-81,-120
30,29,-81,-90
31,30,-81,-60
32,31,-81,-30
33,32,-81,0
34,33,-81,30
35,34,-81,60
36,35,-81,90
37,36,-81,120
38,37,-81,150
39,38,76.5,-180
40,39,76.5,-160
41,40,76.5,-140
42,41,76.5,-120
43,42,76.5,-100
44,43,76.5,-80
45,44,76.5,-60
46,45,76.5,-40
47,46,76.5,-20
48,47,76.5,0
49,48,76.5,20
50,49,76.5,40
51,50,76.5,60
52,51,76.5,80
53,52,76.5,100
54,53,76.5,120
55,54,76.5,140
56,55,76.5,160
57,56,-76.5,-180
58,57,-76.5,-160
59,58,-76.5,-140
60,59,-76.5,-120
61,60,-76.5,-100
62,61,-76.5,-80
63,62,-76.5,-60
64,63,-76.5,-40
65,64,-76.5,-20
66,65,-76.5,0
67,66,-76.5,20
68,67,-76.5,40
69,68,-76.5,60
70,69,-76.5,80
71,70,-76.5,100
72,71,-76.5,120
73,72,-76.5,140
74,73,-76.5,160
75,74,72,-180
76,75,72,-165
77,76,72,-150
78,77,72,-135
79,78,72,-120
80,79,72,-105
81,80,72,-90
82,81,72,-75
83,82,72,-60
84,83,72,-45
85,84,72,-30
86,85,72,-15
87,86,72,0
88,87,72,15
89,88,72,30
90,89,72,45
91,90,72,60
92,91,72,75
93,92,72,90
94,93,72,105
95,94,72,120
96,95,72,135
97,96,72,150
98,97,72,165
99,98,-72,-180
100,99,-72,-165
101,100,-72,-150
102,101,-72,-135
103,102,-72,-120
104,103,-72,-105
105,104,-72,-90
106,105,-72,-75
107,106,-72,-60
108,107,-72,-45
109,108,-72,-30
110,109,-72,-15
111,110,-72,0
112,111,-72,15
113,112,-72,30
114,113,-72,45
115,114,-72,60
116,115,-72,75
117,116,-72,90
118,117,-72,105
119,118,-72,120
120,119,-72,135
121,120,-72,150
122,121,-72,165
123,122,67.5,-180
124,123,67.5,-168
125,124,67.5,-156
126,125,67.5,-144
127,126,67.5,-132
128,127,67.5,-120
129,128,67.5,-108
130,129,67.5,-96
131,130,67.5,-84
132,131,67.5,-72
133,132,67.5,-60
134,133,67.5,-48
135,134,67.5,-36
136,135,67.5,-24
137,136,67.5,-12
138,137,67.5,-2.54444e-14
139,138,67.5,12
140,139,67.5,24
141,140,67.5,36
142,141,67.5,48
143,142,67.5,60
144,143,67.5,72
145,144,67.5,84
146,145,67.5,96
147,146,67.5,108
148,147,67.5,120
149,148,67.5,132
150,149,67.5,144
151,150,67.5,156
152,151,67.5,168
153,152,-67.5,-180
154,153,-67.5,-168
155,154,-67.5,-156
156,155,-67.5,-144
157,156,-67.5,-132
158,157,-67.5,-120
159,158,-67.5,-108
160,159,-67.5,-96
161,160,-67.5,-84
162,161,-67.5,-72
163,162,-67.5,-60
164,163,-67.5,-48
165,164,-67.5,-36
166,165,-67.5,-24
167,166,-67.5,-12
168,167,-67.5,-2.54444e-14
169,168,-67.5,12
170,169,-67.5,24
171,170,-67.5,36
172,171,-67.5,48
173,172,-67.5,60
174,173,-67.5,72
175,174,-67.5,84
176,175,-67.5,96
177,176,-67.5,108
178,177,-67.5,120
179,178,-67.5,132
180,179,-67.5,144
181,180,-67.5,156
182,181,-67.5,168
183,182,63,-180
184,183,63,-170
185,184,63,-160
186,185,63,-150
187,186,63,-140
188,187,63,-130
189,188,63,-120
190,189,63,-110
191,190,63,-100
192,191,63,-90
193,192,63,-80
194,193,63,-70
195,194,63,-60
196,195,63,-50
197,196,63,-40
198,197,63,-30
199,198,63,-20
200,199,63,-10
201,200,63,0
202,201,63,10
203,202,63,20
204,203,63,30
205,204,63,40
206,205,63,50
207,206,63,60
208,207,63,70
209,208,63,80
210,209,63,90
211,210,63,100
212,211,63,110
213,212,63,120
214,213,63,130
215,214,63,140
216,215,63,150
217,216,63,160
218,217,63,170
219,218,-63,-180
220,219,-63,-170
221,220,-63,-160
222,221,-63,-150
223,222,-63,-140
224,223,-63,-130
225,224,-63,-120
226,225,-63,-110
227,226,-63,-100
228,227,-63,-90
229,228,-63,-80
230,229,-63,-70
231,230,-63,-60
232,231,-63,-50
233,232,-63,-40
234,233,-63,-30
235,234,-63,-20
236,235,-63,-10
237,236,-63,0
238,237,-63,10
239,238,-63,20
240,239,-63,30
241,240,-63,40
242,241,-63,50
243,242,-63,60
244,243,-63,70
245,244,-63,80
246,245,-63,90
247,246,-63,100
248,247,-63,110
249,248,-63,120
250,249,-63,130
251,250,-63,140
252,251,-63,150
253,252,-63,160
254,253,-63,170
255,254,58.5,-180
256,255,58.5,-171.22
257,256,58.5,-162.439
258,257,58.5,-153.659
259,258,58.5,-144.878
260,259,58.5,-136.098
261,260,58.5,-127.317
262,261,58.5,-118.537
263,262,58.5,-109.756
264,263,58.5,-100.976
265,264,58.5,-92.1951
266,265,58.5,-83.4146
267,266,58.5,-74.6341
268,267,58.5,-65.8537
269,268,58.5,-57.0732
270,269,58.5,-48.2927
271,270,58.5,-39.5122
272,271,58.5,-30.7317
273,272,58.5,-21.9512
274,273,58.5,-13.1707
275,274,58.5,-4.39024
276,275,58.5,4.39024
277,276,58.5,13.1707
278,277,58.5,21.9512
279,278,58.5,30.7317
280,279,58.5,39.5122
281,280,58.5,48.2927
282,281,58.5,57.0732
283,282,58.5,65.8537
284,283,58.5,74.6341
285,284,58.5,83.4146
286,285,58.5,92.1951
287,286,58.5,100.976
288,287,58.5,109.756
289,288,58.5,118.537
290,289,58.5,127.317
291,290,58.5,136.098
292,291,58.5,144.878
293,292,58.5,153.659
294,293,58.5,162.439
295,294,58.5,171.22
296,295,-58.5,-180
297,296,-58.5,-171.22
298,297,-58.5,-162.439
299,298,-58.5,-153.659
300,299,-58.5,-144.878
301,300,-58.5,-136.098
302,301,-58.5,-127.317
303,302,-58.5,-118.537
304,303,-58.5,-109.756
305,304,-58.5,-100.976
306,305,-58.5,-92.1951
307,306,-58.5,-83.4146
308,307,-58.5,-74.6341
309,308,-58.5,-65.8537
310,309,-58.5,-57.0732
311,310,-58.5,-48.2927
312,311,-58.5,-39.5122
313,312,-58.5,-30.7317
314,313,-58.5,-21.9512
315,314,-58.5,-13.1707
316,315,-58.5,-4.39024
317,316,-58.5,4.39024
318,317,-58.5,13.1707
319,318,-58.5,21.9512
320,319,-58.5,30.7317
321,320,-58.5,39.5122
322,321,-58.5,48.2927
323,322,-58.5,57.0732
324,323,-58.5,65.8537
325,324,-58.5,74.6341
326,325,-58.5,83.4146
327,326,-58.5,92.1951
328,327,-58.5,100.976
329,328,-58.5,109.756
330,329,-58.5,118.537
331,330,-58.5,127.317
332,331,-58.5,136.098
333,332,-58.5,144.878
334,333,-58.5,153.659
335,334,-58.5,162.439
336,335,-58.5,171.22
337,336,54,-180
338,337,54,-172.174
339,338,54,-164.348
340,339,54,-156.522
341,340,54,-148.696
342,341,54,-140.87
343,342,54,-133.043
344,343,54,-125.217
345,344,54,-117.391
346,345,54,-109.565
347,346,54,-101.739
348,347,54,-93.913
349,348,54,-86.087
350,349,54,-78.2609
351,350,54,-70.4348
352,351,54,-62.6087
353,352,54,-54.7826
354,353,54,-46.9565
355,354,54,-39.1304
356,355,54,-31.3043
357,356,54,-23.4783
358,357,54,-15.6522
359,358,54,-7.82609
360,359,54,0
361,360,54,7.82609
362,361,54,15.6522
363,362,54,23.4783
364,363,54,31.3043
365,364,54,39.1304
366,365,54,46.9565
367,366,54,54.7826
368,367,54,62.6087
369,368,54,70.4348
370,369,54,78.2609
371,370,54,86.087
372,371,54,93.913
373,372,54,101.739
374,373,54,109.565
375,374,54,117.391
376,375,54,125.217
377,376,54,133.043
378,377,54,140.87
379,378,54,148.696
380,379,54,156.522
381,380,54,164.348
382,381,54,172.174
383,382,-54,-180
384,383,-54,-172.174
385,384,-54,-164.348
386,385,-54,-156.522
387,386,-54,-148.696
388,387,-54,-140.87
389,388,-54,-133.043
390,389,-54,-125.217
391,390,-54,-117.391
392,391,-54,-109.565
393,392,-54,-101.739
394,393,-54,-93.913
395,394,-54,-86.087
396,395,-54,-78.2609
397,396,-54,-70.4348
398,397,-54,-62.6087
399,398,-54,-54.7826
400,399,-54,-46.9565
401,400,-54,-39.1304
402,401,-54,-31.3043
403,402,-54,-23.4783
404,403,-54,-15.6522
405,404,-54,-7.82609
406,405,-54,0
407,406,-54,7.82609
408,407,-54,15.6522
409,408,-54,23.4783
410,409,-54,31.3043
411,410,-54,39.1304
412,411,-54,46.9565
413,412,-54,54.7826
414,413,-54,62.6087
415,414,-54,70.4348
416,415,-54,78.2609
417,416,-54,86.087
418,417,-54,93.913
419,418,-54,101.739
420,419,-54,109.565
421,420,-54,117.391
422,421,-54,125.217
423,422,-54,133.043
424,423,-54,140.87
425,424,-54,148.696
426,425,-54,156.522
427,426,-54,164.348
428,427,-54,172.174
429,428,49.5,-180
430,429,49.5,-172.941
431,430,49.5,-165.882
432,431,49.5,-158.824
433,432,49.5,-151.765
434,433,49.5,-144.706
435,434,49.5,-137.647
436,435,49.5,-130.588
437,436,49.5,-123.529
438,437,49.5,-116.471
439,438,49.5,-109.412
440,439,49.5,-102.353
441,440,49.5,-95.2941
442,441,49.5,-88.2353
443,442,49.5,-81.1765
444,443,49.5,-74.1176
445,444,49.5,-67.0588
446,445,49.5,-60
447,446,49.5,-52.9412
448,447,49.5,-45.8824
449,448,49.5,-38.8235
450,449,49.5,-31.7647
451,450,49.5,-24.7059
452,451,49.5,-17.6471
453,452,49.5,-10.5882
454,453,49.5,-3.52941
455,454,49.5,3.52941
456,455,49.5,10.5882
457,456,49.5,17.6471
458,457,49.5,24.7059
459,458,49.5,31.7647
460,459,49.5,38.8235
461,460,49.5,45.8824
462,461,49.5,52.9412
463,462,49.5,60
464,463,49.5,67.0588
465,464,49.5,74.1176
466,465,49.5,81.1765
467,466,49.5,88.2353
468,467,49.5,95.2941
469,468,49.5,102.353
470,469,49.5,109.412
471,470,49.5,116.471
472,471,49.5,123.529
473,472,49.5,130.588
474,473,49.5,137.647
475,474,49.5,144.706
476,475,49.5,151.765
477,476,49.5,158.824
478,477,49.5,165.882
479,478,49.5,172.941
480,479,-49.5,-180
481,480,-49.5,-172.941
482,481,-49.5,-165.882
483,482,-49.5,-158.824
484,483,-49.5,-151.765
485,484,-49.5,-144.706
486,485,-49.5,-137.647
487,486,-49.5,-130.588
488,487,-49.5,-123.529
489,488,-49.5,-116.471
490,489,-49.5,-109.412
491,490,-49.5,-102.353
492,491,-49.5,-95.2941
493,492,-49.5,-88.2353
494,493,-49.5,-81.1765
495,494,-49.5,-74.1176
496,495,-49.5,-67.0588
497,496,-49.5,-60
498,497,-49.5,-52.9412
499,498,-49.5,-45.8824
500,499,-49.5,-38.8235
501,500,-49.5,-31.7647
502,501,-49.5,-24.7059
503,502,-49.5,-17.6471
504,503,-49.5,-10.5882
505,504,-49.5,-3.52941
506,505,-49.5,3.52941
507,506,-49.5,10.5882
508,507,-49.5,17.6471
509,508,-49.5,24.7059
510,509,-49.5,31.7647
511,510,-49.5,38.8235
512,511,-49.5,45.8824
513,512,-49.5,52.9412
514,513,-49.5,60
515,514,-49.5,67.0588
516,515,-49.5,74.1176
517,516,-49.5,81.1765
518,517,-49.5,88.2353
519,518,-49.5,95.2941
520,519,-49.5,102.353
521,520,-49.5,109.412
522,521,-49.5,116.471
523,522,-49.5,123.529
524,523,-49.5,130.588
525,524,-49.5,137.647
526,525,-49.5,144.706
527,526,-49.5,151.765
528,527,-49.5,158.824
529,528,-49.5,165.882
530,529,-49.5,172.941
531,530,45,-180
532,531,45,-173.571
533,532,45,-167.143
534,533,45,-160.714
535,534,45,-154.286
536,535,45,-147.857
537,536,45,-141.429
538,537,45,-135
539,538,45,-128.571
540,539,45,-122.143
541,540,45,-115.714
542,541,45,-109.286
543,542,45,-102.857
544,543,45,-96.4286
545,544,45,-90
546,545,45,-83.5714
547,546,45,-77.1429
548,547,45,-70.7143
549,548,45,-64.2857
550,549,45,-57.8571
551,550,45,-51.4286
552,551,45,-45
553,552,45,-38.5714
554,553,45,-32.1429
555,554,45,-25.7143
556,555,45,-19.2857
557,556,45,-12.8571
558,557,45,-6.42857
559,558,45,0
560,559,45,6.42857
561,560,45,12.8571
562,561,45,19.2857
563,562,45,25.7143
564,563,45,32.1429
565,564,45,38.5714
566,565,45,45
567,566,45,51.4286
568,567,45,57.8571
569,568,45,64.2857
570,569,45,70.7143
571,570,45,77.1429
572,571,45,83.5714
573,572,45,90
574,573,45,96.4286
575,574,45,102.857
576,575,45,109.286
577,576,45,115.714
578,577,45,122.143
579,578,45,128.571
580,579,45,135
581,580,45,141.429
582,581,45,147.857
583,582,45,154.286
584,583,45,160.714
585,584,45,167.143
586,585,45,173.571
587,586,-45,-180
588,587,-45,-173.571
589,588,-45,-167.143
590,589,-45,-160.714
591,590,-45,-154.286
592,591,-45,-147.857
593,592,-45,-141.429
594,593,-45,-135
595,594,-45,-128.571
596,595,-45,-122.143
597,596,-45,-115.714
598,597,-45,-109.286
599,598,-45,-102.857
600,599,-45,-96.4286
601,600,-45,-90
602,601,-45,-83.5714
603,602,-45,-77.1429
604,603,-45,-70.7143
605,604,-45,-64.2857
606,605,-45,-57.8571
607,606,-45,-51.4286
608,607,-45,-45
609,608,-45,-38.5714
610,609,-45,-32.1429
611,610,-45,-25.7143
612,611,-45,-19.2857
613,612,-45,-12.8571
614,613,-45,-6.42857
615,614,-45,0
616,615,-45,6.42857
617,616,-45,12.8571
618,617,-45,19.2857
619,618,-45,25.7143
620,619,-45,32.1429
621,620,-45,38.5714
622,621,-45,45
623,622,-45,51.4286
624,623,-45,57.8571
625,624,-45,64.2857
626,625,-45,70.7143
627,626,-45,77.1429
628,627,-45,83.5714
629,628,-45,90
630,629,-45,96.4286
631,630,-45,102.857
632,631,-45,109.286
633,632,-45,115.714
634,633,-45,122.143
635,634,-45,128.571
636,635,-45,135
637,636,-45,141.429
638,637,-45,147.857
639,638,-45,154.286
640,639,-45,160.714
641,640,-45,167.143
642,641,-45,173.571
643,642,40.5,-180
644,643,40.5,-174
645,644,40.5,-168
646,645,40.5,-162
647,646,40.5,-156
648,647,40.5,-150
649,648,40.5,-144
650,649,40.5,-138
651,650,40.5,-132
652,651,40.5,-126
653,652,40.5,-120
654,653,40.5,-114
655,654,40.5,-108
656,655,40.5,-102
657,656,40.5,-96
658,657,40.5,-90
659,658,40.5,-84
660,659,40.5,-78
661,660,40.5,-72
662,661,40.5,-66
663,662,40.5,-60
664,663,40.5,-54
665,664,40.5,-48
666,665,40.5,-42
667,666,40.5,-36
668,667,40.5,-30
669,668,40.5,-24
670,669,40.5,-18
671,670,40.5,-12
672,671,40.5,-6
673,672,40.5,-2.54444e-14
674,673,40.5,6
675,674,40.5,12
676,675,40.5,18
677,676,40.5,24
678,677,40.5,30
679,678,40.5,36
680,679,40.5,42
681,680,40.5,48
682,681,40.5,54
683,682,40.5,60
684,683,40.5,66
685,684,40.5,72
686,685,40.5,78
687,686,40.5,84
688,687,40.5,90
689,688,40.5,96
690,689,40.5,102
691,690,40.5,108
692,691,40.5,114
693,692,40.5,120
694,693,40.5,126
695,694,40.5,132
696,695,40.5,138
697,696,40.5,144
698,697,40.5,150
699,698,40.5,156
700,699,40.5,162
701,700,40.5,168
702,701,40.5,174
703,702,-40.5,-180
704,703,-40.5,-174
705,704,-40.5,-168
706,705,-40.5,-162
707,706,-40.5,-156
708,707,-40.5,-150
709,708,-40.5,-144
710,709,-40.5,-138
711,710,-40.5,-132
712,711,-40.5,-126
713,712,-40.5,-120
714,713,-40.5,-114
715,714,-40.5,-108
716,715,-40.5,-102
717,716,-40.5,-96
718,717,-40.5,-90
719,718,-40.5,-84
720,719,-40.5,-78
721,720,-40.5,-72
722,721,-40.5,-66
723,722,-40.5,-60
724,723,-40.5,-54
725,724,-40.5,-48
726,725,-40.5,-42
727,726,-40.5,-36
728,727,-40.5,-30
729,728,-40.5,-24
730,729,-40.5,-18
731,730,-40.5,-12
732,731,-40.5,-6
733,732,-40.5,-2.54444e-14
734,733,-40.5,6
735,734,-40.5,12
736,735,-40.5,18
737,736,-40.5,24
738,737,-40.5,30
739,738,-40.5,36
740,739,-40.5,42
741,740,-40.5,48
742,741,-40.5,54
743,742,-40.5,60
744,743,-40.5,66
745,744,-40.5,72
746,745,-40.5,78
747,746,-40.5,84
748,747,-40.5,90
749,748,-40.5,96
750,749,-40.5,102
751,750,-40.5,108
752,751,-40.5,114
753,752,-40.5,120
754,753,-40.5,126
755,754,-40.5,132
756,755,-40.5,138
757,756,-40.5,144
758,757,-40.5,150
759,758,-40.5,156
760,759,-40.5,162
761,760,-40.5,168
762,761,-40.5,174
763,762,36,-180
764,763,36,-174.375
765,764,36,-168.75
766,765,36,-163.125
767,766,36,-157.5
768,767,36,-151.875
769,768,36,-146.25
770,769,36,-140.625
771,770,36,-135
772,771,36,-129.375
773,772,36,-123.75
774,773,36,-118.125
775,774,36,-112.5
776,775,36,-106.875
777,776,36,-101.25
778,777,36,-95.625
779,778,36,-90
780,779,36,-84.375
781,780,36,-78.75
782,781,36,-73.125
783,782,36,-67.5
784,783,36,-61.875
785,784,36,-56.25
786,785,36,-50.625
787,786,36,-45
788,787,36,-39.375
789,788,36,-33.75
790,789,36,-28.125
791,790,36,-22.5
792,791,36,-16.875
793,792,36,-11.25
794,793,36,-5.625
795,794,36,0
796,795,36,5.625
797,796,36,11.25
798,797,36,16.875
799,798,36,22.5
800,799,36,28.125
801,800,36,33.75
802,801,36,39.375
803,802,36,45
804,803,36,50.625
805,804,36,56.25
806,805,36,61.875
807,806,36,67.5
808,807,36,73.125
809,808,36,78.75
810,809,36,84.375
811,810,36,90
812,811,36,95.625
813,812,36,101.25
814,813,36,106.875
815,814,36,112.5
816,815,36,118.125
817,816,36,123.75
818,817,36,129.375
819,818,36,135
820,819,36,140.625
821,820,36,146.25
822,821,36,151.875
823,822,36,157.5
824,823,36,163.125
825,824,36,168.75
826,825,36,174.375
827,826,-36,-180
828,827,-36,-174.286
829,828,-36,-168.571
830,829,-36,-162.857
831,830,-36,-157.143
832,831,-36,-151.429
833,832,-36,-145.714
834,833,-36,-140
835,834,-36,-134.286
836,835,-36,-128.571
837,836,-36,-122.857
838,837,-36,-117.143
839,838,-36,-111.429
840,839,-36,-105.714
841,840,-36,-100
842,841,-36,-94.2857
843,842,-36,-88.5714
844,843,-36,-82.8571
845,844,-36,-77.1429
846,845,-36,-71.4286
847,846,-36,-65.7143
848,847,-36,-60
849,848,-36,-54.2857
850,849,-36,-48.5714
851,850,-36,-42.8571
852,851,-36,-37.1429
853,852,-36,-31.4286
854,853,-36,-25.7143
855,854,-36,-20
856,855,-36,-14.2857
857,856,-36,-8.57143
858,857,-36,-2.85714
859,858,-36,2.85714
860,859,-36,8.57143
861,860,-36,14.2857
862,861,-36,20
863,862,-36,25.7143
864,863,-36,31.4286
865,864,-36,37.1429
866,865,-36,42.8571
867,866,-36,48.5714
868,867,-36,54.2857
869,868,-36,60
870,869,-36,65.7143
871,870,-36,71.4286
872,871,-36,77.1429
873,872,-36,82.8571
874,873,-36,88.5714
875,874,-36,94.2857
876,875,-36,100
877,876,-36,105.714
878,877,-36,111.429
879,878,-36,117.143
880,879,-36,122.857
881,880,-36,128.571
882,881,-36,134.286
883,882,-36,140
884,883,-36,145.714
885,884,-36,151.429
886,885,-36,157.143
887,886,-36,162.857
888,887,-36,168.571
889,888,-36,174.286
890,889,31.5,-180
891,890,31.5,-174.627
892,891,31.5,-169.254
893,892,31.5,-163.881
894,893,31.5,-158.507
895,894,31.5,-153.134
896,895,31.5,-147.761
897,896,31.5,-142.388
898,897,31.5,-137.015
899,898,31.5,-131.642
900,899,31.5,-126.269
901,900,31.5,-120.896
902,901,31.5,-115.522
903,902,31.5,-110.149
904,903,31.5,-104.776
905,904,31.5,-99.403
906,905,31.5,-94.0299
907,906,31.5,-88.6567
908,907,31.5,-83.2836
909,908,31.5,-77.9104
910,909,31.5,-72.5373
911,910,31.5,-67.1642
912,911,31.5,-61.791
913,912,31.5,-56.4179
914,913,31.5,-51.0448
915,914,31.5,-45.6716
916,915,31.5,-40.2985
917,916,31.5,-34.9254
918,917,31.5,-29.5522
919,918,31.5,-24.1791
920,919,31.5,-18.806
921,920,31.5,-13.4328
922,921,31.5,-8.0597
923,922,31.5,-2.68657
924,923,31.5,2.68657
925,924,31.5,8.0597
926,925,31.5,13.4328
927,926,31.5,18.806
928,927,31.5,24.1791
929,928,31.5,29.5522
930,929,31.5,34.9254
931,930,31.5,40.2985
932,931,31.5,45.6716
933,932,31.5,51.0448
934,933,31.5,56.4179
935,934,31.5,61.791
936,935,31.5,67.1642
937,936,31.5,72.5373
938,937,31.5,77.9104
939,938,31.5,83.2836
940,939,31.5,88.6567
941,940,31.5,94.0299
942,941,31.5,99.403
943,942,31.5,104.776
944,943,31.5,110.149
945,944,31.5,115.522
946,945,31.5,120.896
947,946,31.5,126.269
948,947,31.5,131.642
949,948,31.5,137.015
950,949,31.5,142.388
951,950,31.5,147.761
952,951,31.5,153.134
953,952,31.5,158.507
954,953,31.5,163.881
955,954,31.5,169.254
956,955,31.5,174.627
957,956,-31.5,-180
958,957,-31.5,-174.627
959,958,-31.5,-169.254
960,959,-31.5,-163.881
961,960,-31.5,-158.507
962,961,-31.5,-153.134
963,962,-31.5,-147.761
964,963,-31.5,-142.388
965,964,-31.5,-137.015
966,965,-31.5,-131.642
967,966,-31.5,-126.269
968,967,-31.5,-120.896
969,968,-31.5,-115.522
970,969,-31.5,-110.149
971,970,-31.5,-104.776
972,971,-31.5,-99.403
973,972,-31.5,-94.0299
974,973,-31.5,-88.6567
975,974,-31.5,-83.2836
976,975,-31.5,-77.9104
977,976,-31.5,-72.5373
978,977,-31.5,-67.1642
979,978,-31.5,-61.791
980,979,-31.5,-56.4179
981,980,-31.5,-51.0448
982,981,-31.5,-45.6716
983,982,-31.5,-40.2985
984,983,-31.5,-34.9254
985,984,-31.5,-29.5522
986,985,-31.5,-24.1791
987,986,-31.5,-18.806
988,987,-31.5,-13.4328
989,988,-31.5,-8.0597
990,989,-31.5,-2.68657
991,990,-31.5,2.68657
992,991,-31.5,8.0597
993,992,-31.5,13.4328
994,993,-31.5,18.806
995,994,-31.5,24.1791
996,995,-31.5,29.5522
997,996,-31.5,34.9254
998,997,-31.5,40.2985
999,998,-31.5,45.6716
1000,999,-31.5,51.0448
1001,1000,-31.5,56.4179
1002,1001,-31.5,61.791
1003,1002,-31.5,67.1642
1004,1003,-31.5,72.5373
1005,1004,-31.5,77.9104
1006,1005,-31.5,83.2836
1007,1006,-31.5,88.6567
1008,1007,-31.5,94.0299
1009,1008,-31.5,99.403
1010,1009,-31.5,104.776
1011,1010,-31.5,110.149
1012,1011,-31.5,115.522
1013,1012,-31.5,120.896
1014,1013,-31.5,126.269
1015,1014,-31.5,131.642
1016,1015,-31.5,137.015
1017,1016,-31.5,142.388
1018,1017,-31.5,147.761
1019,1018,-31.5,153.134
1020,1019,-31.5,158.507
1021,1020,-31.5,163.881
1022,1021,-31.5,169.254
1023,1022,-31.5,174.627
1024,1023,27,-180
1025,1024,27,-174.857
1026,1025,27,-169.714
1027,1026,27,-164.571
1028,1027,27,-159.429
1029,1028,27,-154.286
1030,1029,27,-149.143
1031,1030,27,-144
1032,1031,27,-138.857
1033,1032,27,-133.714
1034,1033,27,-128.571
1035,1034,27,-123.429
1036,1035,27,-118.286
1037,1036,27,-113.143
1038,1037,27,-108
1039,1038,27,-102.857
1040,1039,27,-97.7143
1041,1040,27,-92.5714
1042,1041,27,-87.4286
1043,1042,27,-82.2857
1044,1043,27,-77.1429
1045,1044,27,-72
1046,1045,27,-66.8571
1047,1046,27,-61.7143
1048,1047,27,-56.5714
1049,1048,27,-51.4286
1050,1049,27,-46.2857
1051,1050,27,-41.1429
1052,1051,27,-36
1053,1052,27,-30.8571
1054,1053,27,-25.7143
1055,1054,27,-20.5714
1056,1055,27,-15.4286
1057,1056,27,-10.2857
1058,1057,27,-5.14286
1059,1058,27,0
1060,1059,27,5.14286
1061,1060,27,10.2857
1062,1061,27,15.4286
1063,1062,27,20.5714
1064,1063,27,25.7143
1065,1064,27,30.8571
1066,1065,27,36
1067,1066,27,41.1429
1068,1067,27,46.2857
1069,1068,27,51.4286
1070,1069,27,56.5714
1071,1070,27,61.7143
1072,1071,27,66.8571
1073,1072,27,72
1074,1073,27,77.1429
1075,1074,27,82.2857
1076,1075,27,87.4286
1077,1076,27,92.5714
1078,1077,27,97.7143
1079,1078,27,102.857
1080,1079,27,108
1081,1080,27,113.143
1082,1081,27,118.286
1083,1082,27,123.429
1084,1083,27,128.571
1085,1084,27,133.714
1086,1085,27,138.857
1087,1086,27,144
1088,1087,27,149.143
1089,1088,27,154.286
1090,1089,27,159.429
1091,1090,27,164.571
1092,1091,27,169.714
1093,1092,27,174.857
1094,1093,-27,-180
1095,1094,-27,-174.857
1096,1095,-27,-169.714
1097,1096,-27,-164.571
1098,1097,-27,-159.429
1099,1098,-27,-154.286
1100,1099,-27,-149.143
1101,1100,-27,-144
1102,1101,-27,-138.857
1103,1102,-27,-133.714
1104,1103,-27,-128.571
1105,1104,-27,-123.429
1106,1105,-27,-118.286
1107,1106,-27,-113.143
1108,1107,-27,-108
1109,1108,-27,-102.857
1110,1109,-27,-97.7143
1111,1110,-27,-92.5714
1112,1111,-27,-87.4286
1113,1112,-27,-82.2857
1114,1113,-27,-77.1429
1115,1114,-27,-72
1116,1115,-27,-66.8571
1117,1116,-27,-61.7143
1118,1117,-27,-56.5714
1119,1118,-27,-51.4286
1120,1119,-27,-46.2857
1121,1120,-27,-41.1429
1122,1121,-27,-36
1123,1122,-27,-30.8571
1124,1123,-27,-25.7143
1125,1124,-27,-20.5714
1126,1125,-27,-15.4286
1127,1126,-27,-10.2857
1128,1127,-27,-5.14286
1129,1128,-27,0
1130,1129,-27,5.14286
1131,1130,-27,10.2857
1132,1131,-27,15.4286
1133,1132,-27,20.5714
1134,1133,-27,25.7143
1135,1134,-27,30.8571
1136,1135,-27,36
1137,1136,-27,41.1429
1138,1137,-27,46.2857
1139,1138,-27,51.4286
1140,1139,-27,56.5714
1141,1140,-27,61.7143
1142,1141,-27,66.8571
1143,1142,-27,72
1144,1143,-27,77.1429
1145,1144,-27,82.2857
1146,1145,-27,87.4286
1147,1146,-27,92.5714
1148,1147,-27,97.7143
1149,1148,-27,102.857
1150,1149,-27,108
1151,1150,-27,113.143
1152,1151,-27,118.286
1153,1152,-27,123.429
1154,1153,-27,128.571
1155,1154,-27,133.714
1156,1155,-27,138.857
1157,1156,-27,144
1158,1157,-27,149.143
1159,1158,-27,154.286
1160,1159,-27,159.429
1161,1160,-27,164.571
1162,1161,-27,169.714
1163,1162,-27,174.857
1164,1163,22.5,-180
1165,1164,22.5,-175.068
1166,1165,22.5,-170.137
1167,1166,22.5,-165.205
1168,1167,22.5,-160.274
1169,1168,22.5,-155.342
1170,1169,22.5,-150.411
1171,1170,22.5,-145.479
1172,1171,22.5,-140.548
1173,1172,22.5,-135.616
1174,1173,22.5,-130.685
1175,1174,22.5,-125.753
1176,1175,22.5,-120.822
1177,1176,22.5,-115.89
1178,1177,22.5,-110.959
1179,1178,22.5,-106.027
1180,1179,22.5,-101.096
1181,1180,22.5,-96.1644
1182,1181,22.5,-91.2329
1183,1182,22.5,-86.3014
1184,1183,22.5,-81.3699
1185,1184,22.5,-76.4384
1186,1185,22.5,-71.5068
1187,1186,22.5,-66.5753
1188,1187,22.5,-61.6438
1189,1188,22.5,-56.7123
1190,1189,22.5,-51.7808
1191,1190,22.5,-46.8493
1192,1191,22.5,-41.9178
1193,1192,22.5,-36.9863
1194,1193,22.5,-32.0548
1195,1194,22.5,-27.1233
1196,1195,22.5,-22.1918
1197,1196,22.5,-17.2603
1198,1197,22.5,-12.3288
1199,1198,22.5,-7.39726
1200,1199,22.5,-2.46575
1201,1200,22.5,2.46575
1202,1201,22.5,7.39726
1203,1202,22.5,12.3288
1204,1203,22.5,17.2603
1205,1204,22.5,22.1918
1206,1205,22.5,27.1233
1207,1206,22.5,32.0548
1208,1207,22.5,36.9863
1209,1208,22.5,41.9178
1210,1209,22.5,46.8493
1211,1210,22.5,51.7808
1212,1211,22.5,56.7123
1213,1212,22.5,61.6438
1214,1213,22.5,66.5753
1215,1214,22.5,71.5068
1216,1215,22.5,76.4384
1217,1216,22.5,81.3699
1218,1217,22.5,86.3014
1219,1218,22.5,91.2329
1220,1219,22.5,96.1644
1221,1220,22.5,101.096
1222,1221,22.5,106.027
1223,1222,22.5,110.959
1224,1223,22.5,115.89
1225,1224,22.5,120.822
1226,1225,22.5,125.753
1227,1226,22.5,130.685
1228,1227,22.5,135.616
1229,1228,22.5,140.548
1230,1229,22.5,145.479
1231,1230,22.5,150.411
1232,1231,22.5,155.342
1233,1232,22.5,160.274
1234,1233,22.5,165.205
1235,1234,22.5,170.137
1236,1235,22.5,175.068
1237,1236,-22.5,-180
1238,1237,-22.5,-175
1239,1238,-22.5,-170
1240,1239,-22.5,-165
1241,1240,-22.5,-160
1242,1241,-22.5,-155
1243,1242,-22.5,-150
1244,1243,-22.5,-145
1245,1244,-22.5,-140
1246,1245,-22.5,-135
1247,1246,-22.5,-130
1248,1247,-22.5,-125
1249,1248,-22.5,-120
1250,1249,-22.5,-115
1251,1250,-22.5,-110
1252,1251,-22.5,-105
1253,1252,-22.5,-100
1254,1253,-22.5,-95
1255,1254,-22.5,-90
1256,1255,-22.5,-85
1257,1256,-22.5,-80
1258,1257,-22.5,-75
1259,1258,-22.5,-70
1260,1259,-22.5,-65
1261,1260,-22.5,-60
1262,1261,-22.5,-55
1263,1262,-22.5,-50
1264,1263,-22.5,-45
1265,1264,-22.5,-40
1266,1265,-22.5,-35
1267,1266,-22.5,-30
1268,1267,-22.5,-25
1269,1268,-22.5,-20
1270,1269,-22.5,-15
1271,1270,-22.5,-10
1272,1271,-22.5,-5
1273,1272,-22.5,0
1274,1273,-22.5,5
1275,1274,-22.5,10
1276,1275,-22.5,15
1277,1276,-22.5,20
1278,1277,-22.5,25
1279,1278,-22.5,30
1280,1279,-22.5,35
1281,1280,-22.5,40
1282,1281,-22.5,45
1283,1282,-22.5,50
1284,1283,-22.5,55
1285,1284,-22.5,60
1286,1285,-22.5,65
1287,1286,-22.5,70
1288,1287,-22.5,75
1289,1288,-22.5,80
1290,1289,-22.5,85
1291,1290,-22.5,90
1292,1291,-22.5,95
1293,1292,-22.5,100
1294,1293,-22.5,105
1295,1294,-22.5,110
1296,1295,-22.5,115
1297,1296,-22.5,120
1298,1297,-22.5,125
1299,1298,-22.5,130
1300,1299,-22.5,135
1301,1300,-22.5,140
1302,1301,-22.5,145
1303,1302,-22.5,150
1304,1303,-22.5,155
1305,1304,-22.5,160
1306,1305,-22.5,165
1307,1306,-22.5,170
1308,1307,-22.5,175
1309,1308,18,-180
1310,1309,18,-175.2
1311,1310,18,-170.4
1312,1311,18,-165.6
1313,1312,18,-160.8
1314,1313,18,-156
1315,1314,18,-151.2
1316,1315,18,-146.4
1317,1316,18,-141.6
1318,1317,18,-136.8
1319,1318,18,-132
1320,1319,18,-127.2
1321,1320,18,-122.4
1322,1321,18,-117.6
1323,1322,18,-112.8
1324,1323,18,-108
1325,1324,18,-103.2
1326,1325,18,-98.4
1327,1326,18,-93.6
1328,1327,18,-88.8
1329,1328,18,-84
1330,1329,18,-79.2
1331,1330,18,-74.4
1332,1331,18,-69.6
1333,1332,18,-64.8
1334,1333,18,-60
1335,1334,18,-55.2
1336,1335,18,-50.4
1337,1336,18,-45.6
1338,1337,18,-40.8
1339,1338,18,-36
1340,1339,18,-31.2
1341,1340,18,-26.4
1342,1341,18,-21.6
1343,1342,18,-16.8
1344,1343,18,-12
1345,1344,18,-7.2
1346,1345,18,-2.4
1347,1346,18,2.4
1348,1347,18,7.2
1349,1348,18,12
1350,1349,18,16.8
1351,1350,18,21.6
1352,1351,18,26.4
1353,1352,18,31.2
1354,1353,18,36
1355,1354,18,40.8
1356,1355,18,45.6
1357,1356,18,50.4
1358,1357,18,55.2
1359,1358,18,60
1360,1359,18,64.8
1361,1360,18,69.6
1362,1361,18,74.4
1363,1362,18,79.2
1364,1363,18,84
1365,1364,18,88.8
1366,1365,18,93.6
1367,1366,18,98.4
1368,1367,18,103.2
1369,1368,18,108
1370,1369,18,112.8
1371,1370,18,117.6
1372,1371,18,122.4
1373,1372,18,127.2
1374,1373,18,132
1375,1374,18,136.8
1376,1375,18,141.6
1377,1376,18,146.4
1378,1377,18,151.2
1379,1378,18,156
1380,1379,18,160.8
1381,1380,18,165.6
1382,1381,18,170.4
1383,1382,18,175.2
1384,1383,-18,-180
1385,1384,-18,-175.2
1386,1385,-18,-170.4
1387,1386,-18,-165.6
1388,1387,-18,-160.8
1389,1388,-18,-156
1390,1389,-18,-151.2
1391,1390,-18,-146.4
1392,1391,-18,-141.6
1393,1392,-18,-136.8
1394,1393,-18,-132
1395,1394,-18,-127.2
1396,1395,-18,-122.4
1397,1396,-18,-117.6
1398,1397,-18,-112.8
1399,1398,-18,-108
1400,1399,-18,-103.2
1401,1400,-18,-98.4
1402,1401,-18,-93.6
1403,1402,-18,-88.8
1404,1403,-18,-84
1405,1404,-18,-79.2
1406,1405,-18,-74.4
1407,1406,-18,-69.6
1408,1407,-18,-64.8
1409,1408,-18,-60
1410,1409,-18,-55.2
1411,1410,-18,-50.4
1412,1411,-18,-45.6
1413,1412,-18,-40.8
1414,1413,-18,-36
1415,1414,-18,-31.2
1416,1415,-18,-26.4
1417,1416,-18,-21.6
1418,1417,-18,-16.8
1419,1418,-18,-12
1420,1419,-18,-7.2
1421,1420,-18,-2.4
1422,1421,-18,2.4
1423,1422,-18,7.2
1424,1423,-18,12
1425,1424,-18,16.8
1426,1425,-18,21.6
1427,1426,-18,26.4
1428,1427,-18,31.2
1429,1428,-18,36
1430,1429,-18,40.8
1431,1430,-18,45.6
1432,1431,-18,50.4
1433,1432,-18,55.2
1434,1433,-18,60
1435,1434,-18,64.8
1436,1435,-18,69.6
1437,1436,-18,74.4
1438,1437,-18,79.2
1439,1438,-18,84
1440,1439,-18,88.8
1441,1440,-18,93.6
1442,1441,-18,98.4
1443,1442,-18,103.2
1444,1443,-18,108
1445,1444,-18,112.8
1446,1445,-18,117.6
1447,1446,-18,122.4
1448,1447,-18,127.2
1449,1448,-18,132
1450,1449,-18,136.8
1451,1450,-18,141.6
1452,1451,-18,146.4
1453,1452,-18,151.2
1454,1453,-18,156
1455,1454,-18,160.8
1456,1455,-18,165.6
1457,1456,-18,170.4
1458,1457,-18,175.2
1459,1458,13.5,-180
1460,1459,13.5,-175.263
1461,1460,13.5,-170.526
1462,1461,13.5,-165.789
1463,1462,13.5,-161.053
1464,1463,13.5,-156.316
1465,1464,13.5,-151.579
1466,1465,13.5,-146.842
1467,1466,13.5,-142.105
1468,1467,13.5,-137.368
1469,1468,13.5,-132.632
1470,1469,13.5,-127.895
1471,1470,13.5,-123.158
1472,1471,13.5,-118.421
1473,1472,13.5,-113.684
1474,1473,13.5,-108.947
1475,1474,13.5,-104.211
1476,1475,13.5,-99.4737
1477,1476,13.5,-94.7368
1478,1477,13.5,-90
1479,1478,13.5,-85.2632
1480,1479,13.5,-80.5263
1481,1480,13.5,-75.7895
1482,1481,13.5,-71.0526
1483,1482,13.5,-66.3158
1484,1483,13.5,-61.5789
1485,1484,13.5,-56.8421
1486,1485,13.5,-52.1053
1487,1486,13.5,-47.3684
1488,1487,13.5,-42.6316
1489,1488,13.5,-37.8947
1490,1489,13.5,-33.1579
1491,1490,13.5,-28.4211
1492,1491,13.5,-23.6842
1493,1492,13.5,-18.9474
1494,1493,13.5,-14.2105
1495,1494,13.5,-9.47368
1496,1495,13.5,-4.73684
1497,1496,13.5,0
1498,1497,13.5,4.73684
1499,1498,13.5,9.47368
1500,1499,13.5,14.2105
1501,1500,13.5,18.9474
1502,1501,13.5,23.6842
1503,1502,13.5,28.4211
1504,1503,13.5,33.1579
1505,1504,13.5,37.8947
1506,1505,13.5,42.6316
1507,1506,13.5,47.3684
1508,1507,13.5,52.1053
1509,1508,13.5,56.8421
1510,1509,13.5,61.5789
1511,1510,13.5,66.3158
1512,1511,13.5,71.0526
1513,1512,13.5,75.7895
1514,1513,13.5,80.5263
1515,1514,13.5,85.2632
1516,1515,13.5,90
1517,1516,13.5,94.7368
1518,1517,13.5,99.4737
1519,1518,13.5,104.211
1520,1519,13.5,108.947
1521,1520,13.5,113.684
1522,1521,13.5,118.421
1523,1522,13.5,123.158
1524,1523,13.5,127.895
1525,1524,13.5,132.632
1526,1525,13.5,137.368
1527,1526,13.5,142.105
1528,1527,13.5,146.842
1529,1528,13.5,151.579
1530,1529,13.5,156.316
1531,1530,13.5,161.053
1532,1531,13.5,165.789
1533,1532,13.5,170.526
1534,1533,13.5,175.263
1535,1534,-13.5,-180
1536,1535,-13.5,-175.263
1537,1536,-13.5,-170.526
1538,1537,-13.5,-165.789
1539,1538,-13.5,-161.053
1540,1539,-13.5,-156.316
1541,1540,-13.5,-151.579
1542,1541,-13.5,-146.842
1543,1542,-13.5,-142.105
1544,1543,-13.5,-137.368
1545,1544,-13.5,-132.632
1546,1545,-13.5,-127.895
1547,1546,-13.5,-123.158
1548,1547,-13.5,-118.421
1549,1548,-13.5,-113.684
1550,1549,-13.5,-108.947
1551,1550,-13.5,-104.211
1552,1551,-13.5,-99.4737
1553,1552,-13.5,-94.7368
1554,1553,-13.5,-90
1555,1554,-13.5,-85.2632
1556,1555,-13.5,-80.5263
1557,1556,-13.5,-75.7895
1558,1557,-13.5,-71.0526
1559,1558,-13.5,-66.3158
1560,1559,-13.5,-61.5789
1561,1560,-13.5,-56.8421
1562,1561,-13.5,-52.1053
1563,1562,-13.5,-47.3684
1564,1563,-13.5,-42.6316
1565,1564,-13.5,-37.8947
1566,1565,-13.5,-33.1579
1567,1566,-13.5,-28.4211
1568,1567,-13.5,-23.6842
1569,1568,-13.5,-18.9474
1570,1569,-13.5,-14.2105
1571,1570,-13.5,-9.47368
1572,1571,-13.5,-4.73684
1573,1572,-13.5,0
1574,1573,-13.5,4.73684
1575,1574,-13.5,9.47368
1576,1575,-13.5,14.2105
1577,1576,-13.5,18.9474
1578,1577,-13.5,23.6842
1579,1578,-13.5,28.4211
1580,1579,-13.5,33.1579
1581,1580,-13.5,37.8947
1582,1581,-13.5,42.6316
1583,1582,-13.5,47.3684
1584,1583,-13.5,52.1053
1585,1584,-13.5,56.8421
1586,1585,-13.5,61.5789
1587,1586,-13.5,66.3158
1588,1587,-13.5,71.0526
1589,1588,-13.5,75.7895
1590,1589,-13.5,80.5263
1591,1590,-13.5,85.2632
1592,1591,-13.5,90
1593,1592,-13.5,94.7368
1594,1593,-13.5,99.4737
1595,1594,-13.5,104.211
1596,1595,-13.5,108.947
1597,1596,-13.5,113.684
1598,1597,-13.5,118.421
1599,1598,-13.5,123.158
1600,1599,-13.5,127.895
1601,1600,-13.5,132.632
1602,1601,-13.5,137.368
1603,1602,-13.5,142.105
1604,1603,-13.5,146.842
1605,1604,-13.5,151.579
1606,1605,-13.5,156.316
1607,1606,-13.5,161.053
1608,1607,-13.5,165.789
1609,1608,-13.5,170.526
1610,1609,-13.5,175.263
1611,1610,9,-180
1612,1611,9,-175.385
1613,1612,9,-170.769
1614,1613,9,-166.154
1615,1614,9,-161.538
1616,1615,9,-156.923
1617,1616,9,-152.308
1618,1617,9,-147.692
1619,1618,9,-143.077
1620,1619,9,-138.462
1621,1620,9,-133.846
1622,1621,9,-129.231
1623,1622,9,-124.615
1624,1623,9,-120
1625,1624,9,-115.385
1626,1625,9,-110.769
1627,1626,9,-106.154
1628,1627,9,-101.538
1629,1628,9,-96.9231
1630,1629,9,-92.3077
1631,1630,9,-87.6923
1632,1631,9,-83.0769
1633,1632,9,-78.4615
1634,1633,9,-73.8462
1635,1634,9,-69.2308
1636,1635,9,-64.6154
1637,1636,9,-60
1638,1637,9,-55.3846
1639,1638,9,-50.7692
1640,1639,9,-46.1538
1641,1640,9,-41.5385
1642,1641,9,-36.9231
1643,1642,9,-32.3077
1644,1643,9,-27.6923
1645,1644,9,-23.0769
1646,1645,9,-18.4615
1647,1646,9,-13.8462
1648,1647,9,-9.23077
1649,1648,9,-4.61538
1650,1649,9,0
1651,1650,9,4.61538
1652,1651,9,9.23077
1653,1652,9,13.8462
1654,1653,9,18.4615
1655,1654,9,23.0769
1656,1655,9,27.6923
1657,1656,9,32.3077
1658,1657,9,36.9231
1659,1658,9,41.5385
1660,1659,9,46.1538
1661,1660,9,50.7692
1662,1661,9,55.3846
1663,1662,9,60
1664,1663,9,64.6154
1665,1664,9,69.2308
1666,1665,9,73.8462
1667,1666,9,78.4615
1668,1667,9,83.0769
1669,1668,9,87.6923
1670,1669,9,92.3077
1671,1670,9,96.9231
1672,1671,9,101.538
1673,1672,9,106.154
1674,1673,9,110.769
1675,1674,9,115.385
1676,1675,9,120
1677,1676,9,124.615
1678,1677,9,129.231
1679,1678,9,133.846
1680,1679,9,138.462
1681,1680,9,143.077
1682,1681,9,147.692
1683,1682,9,152.308
1684,1683,9,156.923
1685,1684,9,161.538
1686,1685,9,166.154
1687,1686,9,170.769
1688,1687,9,175.385
1689,1688,-9,-180
1690,1689,-9,-175.325
1691,1690,-9,-170.649
1692,1691,-9,-165.974
1693,1692,-9,-161.299
1694,1693,-9,-156.623
1695,1694,-9,-151.948
1696,1695,-9,-147.273
1697,1696,-9,-142.597
1698,1697,-9,-137.922
1699,1698,-9,-133.247
1700,1699,-9,-128.571
1701,1700,-9,-123.896
1702,1701,-9,-119.221
1703,1702,-9,-114.545
1704,1703,-9,-109.87
1705,1704,-9,-105.195
1706,1705,-9,-100.519
1707,1706,-9,-95.8442
1708,1707,-9,-91.1688
1709,1708,-9,-86.4935
1710,1709,-9,-81.8182
1711,1710,-9,-77.1429
1712,1711,-9,-72.4675
1713,1712,-9,-67.7922
1714,1713,-9,-63.1169
1715,1714,-9,-58.4416
1716,1715,-9,-53.7662
1717,1716,-9,-49.0909
1718,1717,-9,-44.4156
1719,1718,-9,-39.7403
1720,1719,-9,-35.0649
1721,1720,-9,-30.3896
1722,1721,-9,-25.7143
1723,1722,-9,-21.039
1724,1723,-9,-16.3636
1725,1724,-9,-11.6883
1726,1725,-9,-7.01299
1727,1726,-9,-2.33766
1728,1727,-9,2.33766
1729,1728,-9,7.01299
1730,1729,-9,11.6883
1731,1730,-9,16.3636
1732,1731,-9,21.039
1733,1732,-9,25.7143
1734,1733,-9,30.3896
1735,1734,-9,35.0649
1736,1735,-9,39.7403
1737,1736,-9,44.4156
1738,1737,-9,49.0909
1739,1738,-9,53.7662
1740,1739,-9,58.4416
1741,1740,-9,63.1169
1742,1741,-9,67.7922
1743,1742,-9,72.4675
1744,1743,-9,77.1429
1745,1744,-9,81.8182
1746,1745,-9,86.4935
1747,1746,-9,91.1688
1748,1747,-9,95.8442
1749,1748,-9,100.519
1750,1749,-9,105.195
1751,1750,-9,109.87
1752,1751,-9,114.545
1753,1752,-9,119.221
1754,1753,-9,123.896
1755,1754,-9,128.571
1756,1755,-9,133.247
1757,1756,-9,137.922
1758,1757,-9,142.597
1759,1758,-9,147.273
1760,1759,-9,151.948
1761,1760,-9,156.623
1762,1761,-9,161.299
1763,1762,-9,165.974
1764,1763,-9,170.649
1765,1764,-9,175.325
1766,1765,4.5,-180
1767,1766,4.5,-175.385
1768,1767,4.5,-170.769
1769,1768,4.5,-166.154
1770,1769,4.5,-161.538
1771,1770,4.5,-156.923
1772,1771,4.5,-152.308
1773,1772,4.5,-147.692
1774,1773,4.5,-143.077
1775,1774,4.5,-138.462
1776,1775,4.5,-133.846
1777,1776,4.5,-129.231
1778,1777,4.5,-124.615
1779,1778,4.5,-120
1780,1779,4.5,-115.385
1781,1780,4.5,-110.769
1782,1781,4.5,-106.154
1783,1782,4.5,-101.538
1784,1783,4.5,-96.9231
1785,1784,4.5,-92.3077
1786,1785,4.5,-87.6923
1787,1786,4.5,-83.0769
1788,1787,4.5,-78.4615
1789,1788,4.5,-73.8462
1790,1789,4.5,-69.2308
1791,1790,4.5,-64.6154
1792,1791,4.5,-60
1793,1792,4.5,-55.3846
1794,1793,4.5,-50.7692
1795,1794,4.5,-46.1538
1796,1795,4.5,-41.5385
1797,1796,4.5,-36.9231
1798,1797,4.5,-32.3077
1799,1798,4.5,-27.6923
1800,1799,4.5,-23.0769
1801,1800,4.5,-18.4615
1802,1801,4.5,-13.8462
1803,1802,4.5,-9.23077
1804,1803,4.5,-4.61538
1805,1804,4.5,0
1806,1805,4.5,4.61538
1807,1806,4.5,9.23077
1808,1807,4.5,13.8462
1809,1808,4.5,18.4615
1810,1809,4.5,23.0769
1811,1810,4.5,27.6923
1812,1811,4.5,32.3077
1813,1812,4.5,36.9231
1814,1813,4.5,41.5385
1815,1814,4.5,46.1538
1816,1815,4.5,50.7692
1817,1816,4.5,55.3846
1818,1817,4.5,60
1819,1818,4.5,64.6154
1820,1819,4.5,69.2308
1821,1820,4.5,73.8462
1822,1821,4.5,78.4615
1823,1822,4.5,83.0769
1824,1823,4.5,87.6923
1825,1824,4.5,92.3077
1826,1825,4.5,96.9231
1827,1826,4.5,101.538
1828,1827,4.5,106.154
1829,1828,4.5,110.769
1830,1829,4.5,115.385
1831,1830,4.5,120
1832,1831,4.5,124.615
1833,1832,4.5,129.231
1834,1833,4.5,133.846
1835,1834,4.5,138.462
1836,1835,4.5,143.077
1837,1836,4.5,147.692
1838,1837,4.5,152.308
1839,1838,4.5,156.923
1840,1839,4.5,161.538
1841,1840,4.5,166.154
1842,1841,4.5,170.769
1843,1842,4.5,175.385
1844,1843,-4.5,-180
1845,1844,-4.5,-175.385
1846,1845,-4.5,-170.769
1847,1846,-4.5,-166.154
1848,1847,-4.5,-161.538
1849,1848,-4.5,-156.923
1850,1849,-4.5,-152.308
1851,1850,-4.5,-147.692
1852,1851,-4.5,-143.077
1853,1852,-4.5,-138.462
1854,1853,-4.5,-133.846
1855,1854,-4.5,-129.231
1856,1855,-4.5,-124.615
1857,1856,-4.5,-120
1858,1857,-4.5,-115.385
1859,1858,-4.5,-110.769
1860,1859,-4.5,-106.154
1861,1860,-4.5,-101.538
1862,1861,-4.5,-96.9231
1863,1862,-4.5,-92.3077
1864,1863,-4.5,-87.6923
1865,1864,-4.5,-83.0769
1866,1865,-4.5,-78.4615
1867,1866,-4.5,-73.8462
1868,1867,-4.5,-69.2308
1869,1868,-4.5,-64.6154
1870,1869,-4.5,-60
1871,1870,-4.5,-55.3846
1872,1871,-4.5,-50.7692
1873,1872,-4.5,-46.1538
1874,1873,-4.5,-41.5385
1875,1874,-4.5,-36.9231
1876,1875,-4.5,-32.3077
1877,1876,-4.5,-27.6923
1878,1877,-4.5,-23.0769
1879,1878,-4.5,-18.4615
1880,1879,-4.5,-13.8462
1881,1880,-4.5,-9.23077
1882,1881,-4.5,-4.61538
1883,1882,-4.5,0
1884,1883,-4.5,4.61538
1885,1884,-4.5,9.23077
1886,1885,-4.5,13.8462
1887,1886,-4.5,18.4615
1888,1887,-4.5,23.0769
1889,1888,-4.5,27.6923
1890,1889,-4.5,32.3077
1891,1890,-4.5,36.9231
1892,1891,-4.5,41.5385
1893,1892,-4.5,46.1538
1894,1893,-4.5,50.7692
1895,1894,-4.5,55.3846
1896,1895,-4.5,60
1897,1896,-4.5,64.6154
1898,1897,-4.5,69.2308
1899,1898,-4.5,73.8462
1900,1899,-4.5,78.4615
1901,1900,-4.5,83.0769
1902,1901,-4.5,87.6923
1903,1902,-4.5,92.3077
1904,1903,-4.5,96.9231
1905,1904,-4.5,101.538
1906,1905,-4.5,106.154
1907,1906,-4.5,110.769
1908,1907,-4.5,115.385
1909,1908,-4.5,120
1910,1909,-4.5,124.615
1911,1910,-4.5,129.231
1912,1911,-4.5,133.846
1913,1912,-4.5,138.462
1914,1913,-4.5,143.077
1915,1914,-4.5,147.692
1916,1915,-4.5,152.308
1917,1916,-4.5,156.923
1918,1917,-4.5,161.538
1919,1918,-4.5,166.154
1920,1919,-4.5,170.769
1921,1920,-4.5,175.385
1922,1921,0,-180
1923,1922,0,-175.443
1924,1923,0,-170.886
1925,1924,0,-166.329
1926,1925,0,-161.772
1927,1926,0,-157.215
1928,1927,0,-152.658
1929,1928,0,-148.101
1930,1929,0,-143.544
1931,1930,0,-138.987
1932,1931,0,-134.43
1933,1932,0,-129.873
1934,1933,0,-125.316
1935,1934,0,-120.759
1936,1935,0,-116.203
1937,1936,0,-111.646
1938,1937,0,-107.089
1939,1938,0,-102.532
1940,1939,0,-97.9747
1941,1940,0,-93.4177
1942,1941,0,-88.8608
1943,1942,0,-84.3038
1944,1943,0,-79.7468
1945,1944,0,-75.1899
1946,1945,0,-70.6329
1947,1946,0,-66.0759
1948,1947,0,-61.519
1949,1948,0,-56.962
1950,1949,0,-52.4051
1951,1950,0,-47.8481
1952,1951,0,-43.2911
1953,1952,0,-38.7342
1954,1953,0,-34.1772
1955,1954,0,-29.6203
1956,1955,0,-25.0633
1957,1956,0,-20.5063
1958,1957,0,-15.9494
1959,1958,0,-11.3924
1960,1959,0,-6.83544
1961,1960,0,-2.27848
1962,1961,0,2.27848
1963,1962,0,6.83544
1964,1963,0,11.3924
1965,1964,0,15.9494
1966,1965,0,20.5063
1967,1966,0,25.0633
1968,1967,0,29.6203
1969,1968,0,34.1772
1970,1969,0,38.7342
1971,1970,0,43.2911
1972,1971,0,47.8481
1973,1972,0,52.4051
1974,1973,0,56.962
1975,1974,0,61.519
1976,1975,0,66.0759
1977,1976,0,70.6329
1978,1977,0,75.1899
1979,1978,0,79.7468
1980,1979,0,84.3038
1981,1980,0,88.8608
1982,1981,0,93.4177
1983,1982,0,97.9747
1984,1983,0,102.532
1985,1984,0,107.089
1986,1985,0,111.646
1987,1986,0,116.203
1988,1987,0,120.759
1989,1988,0,125.316
1990,1989,0,129.873
1991,1990,0,134.43
1992,1991,0,138.987
1993,1992,0,143.544
1994,1993,0,148.101
1995,1994,0,152.658
1996,1995,0,157.215
1997,1996,0,161.772
1998,1997,0,166.329
1999,1998,0,170.886
2000,1999,0,175.443
